"source_url","destination_url","link_type","anchor_text","rel","is_download","qa_status","notes"
"https://www.40daysofholiness.com/","https://www.40daysofholiness.com/","internal","HOME","","NO","NOT_TESTED",""
"https://www.40daysofholiness.com/","https://www.40daysofholiness.com/blank","internal","New Page","","NO","NOT_TESTED",""
"https://www.40daysofholiness.com/","https://sales.newstartdiscipleship.com/members-area1603689129287","outbound","Pastor Login","noreferrer noopener","NO","NOT_TESTED",""
"https://www.40daysofholiness.com/","https://www.40daysofholiness.com/blog","internal","Blog","","NO","NOT_TESTED",""
"https://www.40daysofholiness.com/","http://sales.40daysofholiness.com/","outbound","Get this for my church!","noreferrer noopener","NO","NOT_TESTED",""
"https://www.40daysofholiness.com/","http://challenge.40daysofholiness.com/","outbound","Get this for me!","noreferrer noopener","NO","NOT_TESTED",""
"https://www.40daysofholiness.com/","http://sales.40daysofholiness.com/","outbound","Get this For My Church!","","NO","NOT_TESTED",""
"https://www.40daysofholiness.com/","http://www.newstartdiscipleship.com/","outbound","train new believers","","NO","NOT_TESTED",""
"https://www.40daysofholiness.com/","http://sales.40daysofholiness.com/","outbound","http://sales.40daysofholiness.com","","NO","NOT_TESTED",""
"https://www.40daysofholiness.com/","https://soundcloud.com/darrell-stetler-ii","outbound","","","NO","NOT_TESTED",""
"https://www.40daysofholiness.com/","https://www.linkedin.com/in/darrellstetler2/","outbound","","","NO","NOT_TESTED",""
"https://www.40daysofholiness.com/","http://facebook.com/newstartdiscipleship","outbound","","","NO","NOT_TESTED",""
"https://www.40daysofholiness.com/","http://youtube.com/darrellstetlerii","outbound","","","NO","NOT_TESTED",""
"https://www.40daysofholiness.com/","http://twitter.com/darrellstetler2","outbound","","","NO","NOT_TESTED",""
"https://www.40daysofholiness.com/blank","https://www.40daysofholiness.com/","internal","HOME","","NO","NOT_TESTED",""
"https://www.40daysofholiness.com/blank","https://www.40daysofholiness.com/blank","internal","New Page","","NO","NOT_TESTED",""
"https://www.40daysofholiness.com/blank","https://sales.newstartdiscipleship.com/members-area1603689129287","outbound","Pastor Login","noreferrer noopener","NO","NOT_TESTED",""
"https://www.40daysofholiness.com/blank","https://www.40daysofholiness.com/blog","internal","Blog","","NO","NOT_TESTED",""
"https://www.40daysofholiness.com/blank","https://soundcloud.com/darrell-stetler-ii","outbound","","","NO","NOT_TESTED",""
"https://www.40daysofholiness.com/blank","https://www.linkedin.com/in/darrellstetler2/","outbound","","","NO","NOT_TESTED",""
"https://www.40daysofholiness.com/blank","http://facebook.com/newstartdiscipleship","outbound","","","NO","NOT_TESTED",""
"https://www.40daysofholiness.com/blank","http://youtube.com/darrellstetlerii","outbound","","","NO","NOT_TESTED",""
"https://www.40daysofholiness.com/blank","http://twitter.com/darrellstetler2","outbound","","","NO","NOT_TESTED",""
"https://www.40daysofholiness.com/blog","https://www.40daysofholiness.com/","internal","HOME","","NO","NOT_TESTED",""
"https://www.40daysofholiness.com/blog","https://www.40daysofholiness.com/blank","internal","New Page","","NO","NOT_TESTED",""
"https://www.40daysofholiness.com/blog","https://sales.newstartdiscipleship.com/members-area1603689129287","outbound","Pastor Login","noreferrer noopener","NO","NOT_TESTED",""
"https://www.40daysofholiness.com/blog","https://www.40daysofholiness.com/blog","internal","Blog","","NO","NOT_TESTED",""
"https://www.40daysofholiness.com/blog","https://www.40daysofholiness.com/blog","internal","All Posts","","NO","NOT_TESTED",""
"https://www.40daysofholiness.com/blog","https://www.40daysofholiness.com/post/john-wesley-s-covenant-prayer","internal","John Wesley’s Covenant Prayer","","NO","NOT_TESTED",""
"https://www.40daysofholiness.com/blog","https://www.40daysofholiness.com/post/what-is-the-holiness-of-god","internal","What is the Holiness of God?","","NO","NOT_TESTED",""
"https://www.40daysofholiness.com/blog","https://soundcloud.com/darrell-stetler-ii","outbound","","","NO","NOT_TESTED",""
"https://www.40daysofholiness.com/blog","https://www.linkedin.com/in/darrellstetler2/","outbound","","","NO","NOT_TESTED",""
"https://www.40daysofholiness.com/blog","http://facebook.com/newstartdiscipleship","outbound","","","NO","NOT_TESTED",""
"https://www.40daysofholiness.com/blog","http://youtube.com/darrellstetlerii","outbound","","","NO","NOT_TESTED",""
"https://www.40daysofholiness.com/blog","http://twitter.com/darrellstetler2","outbound","","","NO","NOT_TESTED",""
"https://www.40daysofholiness.com/congrats","https://www.40daysofholiness.com/","internal","HOME","","NO","NOT_TESTED",""
"https://www.40daysofholiness.com/congrats","https://www.40daysofholiness.com/blank","internal","New Page","","NO","NOT_TESTED",""
"https://www.40daysofholiness.com/congrats","https://sales.newstartdiscipleship.com/members-area1603689129287","outbound","Pastor Login","noreferrer noopener","NO","NOT_TESTED",""
"https://www.40daysofholiness.com/congrats","https://www.40daysofholiness.com/blog","internal","Blog","","NO","NOT_TESTED",""
"https://www.40daysofholiness.com/congrats","https://soundcloud.com/darrell-stetler-ii","outbound","","","NO","NOT_TESTED",""
"https://www.40daysofholiness.com/congrats","https://www.linkedin.com/in/darrellstetler2/","outbound","","","NO","NOT_TESTED",""
"https://www.40daysofholiness.com/congrats","http://facebook.com/newstartdiscipleship","outbound","","","NO","NOT_TESTED",""
"https://www.40daysofholiness.com/congrats","http://youtube.com/darrellstetlerii","outbound","","","NO","NOT_TESTED",""
"https://www.40daysofholiness.com/congrats","http://twitter.com/darrellstetler2","outbound","","","NO","NOT_TESTED",""
"https://www.40daysofholiness.com/day01","https://www.40daysofholiness.com/","internal","HOME","","NO","NOT_TESTED",""
"https://www.40daysofholiness.com/day01","https://www.40daysofholiness.com/blank","internal","New Page","","NO","NOT_TESTED",""
"https://www.40daysofholiness.com/day01","https://sales.newstartdiscipleship.com/members-area1603689129287","outbound","Pastor Login","noreferrer noopener","NO","NOT_TESTED",""
"https://www.40daysofholiness.com/day01","https://www.40daysofholiness.com/blog","internal","Blog","","NO","NOT_TESTED",""
"https://www.40daysofholiness.com/day01","http://www.youtube.com/darrellstetlerii","outbound","Youtube live stream","","NO","NOT_TESTED",""
"https://www.40daysofholiness.com/day01","https://www.40daysofholiness.com/","internal","click here to download this PDF Bible study","","NO","NOT_TESTED",""
"https://www.40daysofholiness.com/day01","https://www.40daysofholiness.com/day02","internal","Go to Day 2","","NO","NOT_TESTED",""
"https://www.40daysofholiness.com/day01","https://soundcloud.com/darrell-stetler-ii","outbound","","","NO","NOT_TESTED",""
"https://www.40daysofholiness.com/day01","https://www.linkedin.com/in/darrellstetler2/","outbound","","","NO","NOT_TESTED",""
"https://www.40daysofholiness.com/day01","http://facebook.com/newstartdiscipleship","outbound","","","NO","NOT_TESTED",""
"https://www.40daysofholiness.com/day01","http://youtube.com/darrellstetlerii","outbound","","","NO","NOT_TESTED",""
"https://www.40daysofholiness.com/day01","http://twitter.com/darrellstetler2","outbound","","","NO","NOT_TESTED",""
"https://www.40daysofholiness.com/day02","https://www.40daysofholiness.com/","internal","HOME","","NO","NOT_TESTED",""
"https://www.40daysofholiness.com/day02","https://www.40daysofholiness.com/blank","internal","New Page","","NO","NOT_TESTED",""
"https://www.40daysofholiness.com/day02","https://sales.newstartdiscipleship.com/members-area1603689129287","outbound","Pastor Login","noreferrer noopener","NO","NOT_TESTED",""
"https://www.40daysofholiness.com/day02","https://www.40daysofholiness.com/blog","internal","Blog","","NO","NOT_TESTED",""
"https://www.40daysofholiness.com/day02","http://www.youtube.com/darrellstetlerii","outbound","Youtube live stream","","NO","NOT_TESTED",""
"https://www.40daysofholiness.com/day02","https://www.40daysofholiness.com/","internal","click here to download this PDF Bible study","","NO","NOT_TESTED",""
"https://www.40daysofholiness.com/day02","http://facebook.com/newstartdiscipleship","outbound","NewStart Discipleship on Facebook.","","NO","NOT_TESTED",""
"https://www.40daysofholiness.com/day02","https://www.40daysofholiness.com/day03","internal","Next Day","","NO","NOT_TESTED",""
"https://www.40daysofholiness.com/day02","https://soundcloud.com/darrell-stetler-ii","outbound","","","NO","NOT_TESTED",""
"https://www.40daysofholiness.com/day02","https://www.linkedin.com/in/darrellstetler2/","outbound","","","NO","NOT_TESTED",""
"https://www.40daysofholiness.com/day02","http://facebook.com/newstartdiscipleship","outbound","","","NO","NOT_TESTED",""
"https://www.40daysofholiness.com/day02","http://youtube.com/darrellstetlerii","outbound","","","NO","NOT_TESTED",""
"https://www.40daysofholiness.com/day02","http://twitter.com/darrellstetler2","outbound","","","NO","NOT_TESTED",""
"https://www.40daysofholiness.com/day03","https://www.40daysofholiness.com/","internal","HOME","","NO","NOT_TESTED",""
"https://www.40daysofholiness.com/day03","https://www.40daysofholiness.com/blank","internal","New Page","","NO","NOT_TESTED",""
"https://www.40daysofholiness.com/day03","https://sales.newstartdiscipleship.com/members-area1603689129287","outbound","Pastor Login","noreferrer noopener","NO","NOT_TESTED",""
"https://www.40daysofholiness.com/day03","https://www.40daysofholiness.com/blog","internal","Blog","","NO","NOT_TESTED",""
"https://www.40daysofholiness.com/day03","http://challenge.40daysofholiness.com/","outbound","40 Days of Holiness workbook","","NO","NOT_TESTED",""
"https://www.40daysofholiness.com/day03","http://www.youtube.com/darrellstetlerii","outbound","Youtube live stream","","NO","NOT_TESTED",""
"https://www.40daysofholiness.com/day03","https://www.40daysofholiness.com/","internal","click here to download this PDF Bible study","","NO","NOT_TESTED",""
"https://www.40daysofholiness.com/day03","http://sales.newstartdiscipleship.com/","outbound","http://sales.40daysofholiness.com","","NO","NOT_TESTED",""
"https://www.40daysofholiness.com/day03","http://www.newstartdiscipleship.com/","outbound","www.newstartdiscipleship.com","","NO","NOT_TESTED",""
"https://www.40daysofholiness.com/day03","http://facebook.com/newstartdiscipleship","outbound","NewStart Discipleship on Facebook.","","NO","NOT_TESTED",""
"https://www.40daysofholiness.com/day03","https://www.40daysofholiness.com/day04","internal","Next Day","","NO","NOT_TESTED",""
"https://www.40daysofholiness.com/day03","https://soundcloud.com/darrell-stetler-ii","outbound","","","NO","NOT_TESTED",""
"https://www.40daysofholiness.com/day03","https://www.linkedin.com/in/darrellstetler2/","outbound","","","NO","NOT_TESTED",""
"https://www.40daysofholiness.com/day03","http://facebook.com/newstartdiscipleship","outbound","","","NO","NOT_TESTED",""
"https://www.40daysofholiness.com/day03","http://youtube.com/darrellstetlerii","outbound","","","NO","NOT_TESTED",""
"https://www.40daysofholiness.com/day03","http://twitter.com/darrellstetler2","outbound","","","NO","NOT_TESTED",""
"https://www.40daysofholiness.com/day04","https://www.40daysofholiness.com/","internal","HOME","","NO","NOT_TESTED",""
"https://www.40daysofholiness.com/day04","https://www.40daysofholiness.com/blank","internal","New Page","","NO","NOT_TESTED",""
"https://www.40daysofholiness.com/day04","https://sales.newstartdiscipleship.com/members-area1603689129287","outbound","Pastor Login","noreferrer noopener","NO","NOT_TESTED",""
"https://www.40daysofholiness.com/day04","https://www.40daysofholiness.com/blog","internal","Blog","","NO","NOT_TESTED",""
"https://www.40daysofholiness.com/day04","http://www.youtube.com/darrellstetlerii","outbound","Youtube live stream","","NO","NOT_TESTED",""
"https://www.40daysofholiness.com/day04","https://www.40daysofholiness.com/","internal","Pursuing Holiness Workbook here","","NO","NOT_TESTED",""
"https://www.40daysofholiness.com/day04","http://facebook.com/newstartdiscipleship","outbound","NewStart Discipleship on Facebook.","","NO","NOT_TESTED",""
"https://www.40daysofholiness.com/day04","https://www.40daysofholiness.com/day05","internal","Next Day","","NO","NOT_TESTED",""
"https://www.40daysofholiness.com/day04","https://soundcloud.com/darrell-stetler-ii","outbound","","","NO","NOT_TESTED",""
"https://www.40daysofholiness.com/day04","https://www.linkedin.com/in/darrellstetler2/","outbound","","","NO","NOT_TESTED",""
"https://www.40daysofholiness.com/day04","http://facebook.com/newstartdiscipleship","outbound","","","NO","NOT_TESTED",""
"https://www.40daysofholiness.com/day04","http://youtube.com/darrellstetlerii","outbound","","","NO","NOT_TESTED",""
"https://www.40daysofholiness.com/day04","http://twitter.com/darrellstetler2","outbound","","","NO","NOT_TESTED",""
"https://www.40daysofholiness.com/day05","https://www.40daysofholiness.com/","internal","HOME","","NO","NOT_TESTED",""
"https://www.40daysofholiness.com/day05","https://www.40daysofholiness.com/blank","internal","New Page","","NO","NOT_TESTED",""
"https://www.40daysofholiness.com/day05","https://sales.newstartdiscipleship.com/members-area1603689129287","outbound","Pastor Login","noreferrer noopener","NO","NOT_TESTED",""
"https://www.40daysofholiness.com/day05","https://www.40daysofholiness.com/blog","internal","Blog","","NO","NOT_TESTED",""
"https://www.40daysofholiness.com/day05","http://www.youtube.com/darrellstetlerii","outbound","Youtube live stream","","NO","NOT_TESTED",""
"https://www.40daysofholiness.com/day05","http://challenge.newstartdiscipleship.com/","outbound","click here to download it for individuals","","NO","NOT_TESTED",""
"https://www.40daysofholiness.com/day05","http://sales.40daysofholiness.com/","outbound","holiness church campaign, click here","","NO","NOT_TESTED",""
"https://www.40daysofholiness.com/day05","http://www.newstartdiscipleship.com/","outbound","www.newstartdiscipleship.com","","NO","NOT_TESTED",""
"https://www.40daysofholiness.com/day05","https://www.40daysofholiness.com/day06","internal","Next Day","","NO","NOT_TESTED",""
"https://www.40daysofholiness.com/day05","https://soundcloud.com/darrell-stetler-ii","outbound","","","NO","NOT_TESTED",""
"https://www.40daysofholiness.com/day05","https://www.linkedin.com/in/darrellstetler2/","outbound","","","NO","NOT_TESTED",""
"https://www.40daysofholiness.com/day05","http://facebook.com/newstartdiscipleship","outbound","","","NO","NOT_TESTED",""
"https://www.40daysofholiness.com/day05","http://youtube.com/darrellstetlerii","outbound","","","NO","NOT_TESTED",""
"https://www.40daysofholiness.com/day05","http://twitter.com/darrellstetler2","outbound","","","NO","NOT_TESTED",""
"https://www.40daysofholiness.com/day06","https://www.40daysofholiness.com/","internal","HOME","","NO","NOT_TESTED",""
"https://www.40daysofholiness.com/day06","https://www.40daysofholiness.com/blank","internal","New Page","","NO","NOT_TESTED",""
"https://www.40daysofholiness.com/day06","https://sales.newstartdiscipleship.com/members-area1603689129287","outbound","Pastor Login","noreferrer noopener","NO","NOT_TESTED",""
"https://www.40daysofholiness.com/day06","https://www.40daysofholiness.com/blog","internal","Blog","","NO","NOT_TESTED",""
"https://www.40daysofholiness.com/day06","http://www.youtube.com/darrellstetlerii","outbound","Youtube live stream","","NO","NOT_TESTED",""
"https://www.40daysofholiness.com/day06","http://challenge.40daysofholiness.com/","outbound","PDF for individuals here","","NO","NOT_TESTED",""
"https://www.40daysofholiness.com/day06","http://sales.40daysofholiness.com/","outbound","by clicking here","","NO","NOT_TESTED",""
"https://www.40daysofholiness.com/day06","http://www.newstartdiscipleship.com/","outbound","www.newstartdiscipleship.com","","NO","NOT_TESTED",""
"https://www.40daysofholiness.com/day06","https://www.40daysofholiness.com/day07","internal","Next Day","","NO","NOT_TESTED",""
"https://www.40daysofholiness.com/day06","https://soundcloud.com/darrell-stetler-ii","outbound","","","NO","NOT_TESTED",""
"https://www.40daysofholiness.com/day06","https://www.linkedin.com/in/darrellstetler2/","outbound","","","NO","NOT_TESTED",""
"https://www.40daysofholiness.com/day06","http://facebook.com/newstartdiscipleship","outbound","","","NO","NOT_TESTED",""
"https://www.40daysofholiness.com/day06","http://youtube.com/darrellstetlerii","outbound","","","NO","NOT_TESTED",""
"https://www.40daysofholiness.com/day06","http://twitter.com/darrellstetler2","outbound","","","NO","NOT_TESTED",""
"https://www.40daysofholiness.com/day07","https://www.40daysofholiness.com/","internal","HOME","","NO","NOT_TESTED",""
"https://www.40daysofholiness.com/day07","https://www.40daysofholiness.com/blank","internal","New Page","","NO","NOT_TESTED",""
"https://www.40daysofholiness.com/day07","https://sales.newstartdiscipleship.com/members-area1603689129287","outbound","Pastor Login","noreferrer noopener","NO","NOT_TESTED",""
"https://www.40daysofholiness.com/day07","https://www.40daysofholiness.com/blog","internal","Blog","","NO","NOT_TESTED",""
"https://www.40daysofholiness.com/day07","http://www.youtube.com/darrellstetlerii","outbound","Youtube live stream","","NO","NOT_TESTED",""
"https://www.40daysofholiness.com/day07","http://challenge.40daysofholiness.com/","outbound","click here to download this individual Bible study","","NO","NOT_TESTED",""
"https://www.40daysofholiness.com/day07","http://sales.40daysofholiness.com/","outbound","printing license for Pursuing Holiness for your church","","NO","NOT_TESTED",""
"https://www.40daysofholiness.com/day07","http://www.newstartdiscipleship.com/","outbound","www.newstartdiscipleship.com","","NO","NOT_TESTED",""
"https://www.40daysofholiness.com/day07","https://www.40daysofholiness.com/day08","internal","Next Day","","NO","NOT_TESTED",""
"https://www.40daysofholiness.com/day07","https://soundcloud.com/darrell-stetler-ii","outbound","","","NO","NOT_TESTED",""
"https://www.40daysofholiness.com/day07","https://www.linkedin.com/in/darrellstetler2/","outbound","","","NO","NOT_TESTED",""
"https://www.40daysofholiness.com/day07","http://facebook.com/newstartdiscipleship","outbound","","","NO","NOT_TESTED",""
"https://www.40daysofholiness.com/day07","http://youtube.com/darrellstetlerii","outbound","","","NO","NOT_TESTED",""
"https://www.40daysofholiness.com/day07","http://twitter.com/darrellstetler2","outbound","","","NO","NOT_TESTED",""
"https://www.40daysofholiness.com/day08","https://www.40daysofholiness.com/","internal","HOME","","NO","NOT_TESTED",""
"https://www.40daysofholiness.com/day08","https://www.40daysofholiness.com/blank","internal","New Page","","NO","NOT_TESTED",""
"https://www.40daysofholiness.com/day08","https://sales.newstartdiscipleship.com/members-area1603689129287","outbound","Pastor Login","noreferrer noopener","NO","NOT_TESTED",""
"https://www.40daysofholiness.com/day08","https://www.40daysofholiness.com/blog","internal","Blog","","NO","NOT_TESTED",""
"https://www.40daysofholiness.com/day08","http://www.youtube.com/darrellstetlerii","outbound","Youtube live stream","","NO","NOT_TESTED",""
"https://www.40daysofholiness.com/day08","https://www.40daysofholiness.com/","internal","click here to download this PDF Bible study","","NO","NOT_TESTED",""
"https://www.40daysofholiness.com/day08","https://www.40daysofholiness.com/day09","internal","Next Day","","NO","NOT_TESTED",""
"https://www.40daysofholiness.com/day08","https://soundcloud.com/darrell-stetler-ii","outbound","","","NO","NOT_TESTED",""
"https://www.40daysofholiness.com/day08","https://www.linkedin.com/in/darrellstetler2/","outbound","","","NO","NOT_TESTED",""
"https://www.40daysofholiness.com/day08","http://facebook.com/newstartdiscipleship","outbound","","","NO","NOT_TESTED",""
"https://www.40daysofholiness.com/day08","http://youtube.com/darrellstetlerii","outbound","","","NO","NOT_TESTED",""
"https://www.40daysofholiness.com/day08","http://twitter.com/darrellstetler2","outbound","","","NO","NOT_TESTED",""
"https://www.40daysofholiness.com/day09","https://www.40daysofholiness.com/","internal","HOME","","NO","NOT_TESTED",""
"https://www.40daysofholiness.com/day09","https://www.40daysofholiness.com/blank","internal","New Page","","NO","NOT_TESTED",""
"https://www.40daysofholiness.com/day09","https://sales.newstartdiscipleship.com/members-area1603689129287","outbound","Pastor Login","noreferrer noopener","NO","NOT_TESTED",""
"https://www.40daysofholiness.com/day09","https://www.40daysofholiness.com/blog","internal","Blog","","NO","NOT_TESTED",""
"https://www.40daysofholiness.com/day09","http://www.youtube.com/darrellstetlerii","outbound","Youtube live stream","","NO","NOT_TESTED",""
"https://www.40daysofholiness.com/day09","https://www.40daysofholiness.com/","internal","click here to download this PDF Bible study","","NO","NOT_TESTED",""
"https://www.40daysofholiness.com/day09","https://www.40daysofholiness.com/day10","internal","Next Day","","NO","NOT_TESTED",""
"https://www.40daysofholiness.com/day09","https://soundcloud.com/darrell-stetler-ii","outbound","","","NO","NOT_TESTED",""
"https://www.40daysofholiness.com/day09","https://www.linkedin.com/in/darrellstetler2/","outbound","","","NO","NOT_TESTED",""
"https://www.40daysofholiness.com/day09","http://facebook.com/newstartdiscipleship","outbound","","","NO","NOT_TESTED",""
"https://www.40daysofholiness.com/day09","http://youtube.com/darrellstetlerii","outbound","","","NO","NOT_TESTED",""
"https://www.40daysofholiness.com/day09","http://twitter.com/darrellstetler2","outbound","","","NO","NOT_TESTED",""
"https://www.40daysofholiness.com/day10","https://www.40daysofholiness.com/","internal","HOME","","NO","NOT_TESTED",""
"https://www.40daysofholiness.com/day10","https://www.40daysofholiness.com/blank","internal","New Page","","NO","NOT_TESTED",""
"https://www.40daysofholiness.com/day10","https://sales.newstartdiscipleship.com/members-area1603689129287","outbound","Pastor Login","noreferrer noopener","NO","NOT_TESTED",""
"https://www.40daysofholiness.com/day10","https://www.40daysofholiness.com/blog","internal","Blog","","NO","NOT_TESTED",""
"https://www.40daysofholiness.com/day10","http://www.youtube.com/darrellstetlerii","outbound","Youtube live stream","","NO","NOT_TESTED",""
"https://www.40daysofholiness.com/day10","https://www.40daysofholiness.com/","internal","click here to download this PDF Bible study","","NO","NOT_TESTED",""
"https://www.40daysofholiness.com/day10","https://www.40daysofholiness.com/day11","internal","Next Day","","NO","NOT_TESTED",""
"https://www.40daysofholiness.com/day10","https://soundcloud.com/darrell-stetler-ii","outbound","","","NO","NOT_TESTED",""
"https://www.40daysofholiness.com/day10","https://www.linkedin.com/in/darrellstetler2/","outbound","","","NO","NOT_TESTED",""
"https://www.40daysofholiness.com/day10","http://facebook.com/newstartdiscipleship","outbound","","","NO","NOT_TESTED",""
"https://www.40daysofholiness.com/day10","http://youtube.com/darrellstetlerii","outbound","","","NO","NOT_TESTED",""
"https://www.40daysofholiness.com/day10","http://twitter.com/darrellstetler2","outbound","","","NO","NOT_TESTED",""
"https://www.40daysofholiness.com/day11","https://www.40daysofholiness.com/","internal","HOME","","NO","NOT_TESTED",""
"https://www.40daysofholiness.com/day11","https://www.40daysofholiness.com/blank","internal","New Page","","NO","NOT_TESTED",""
"https://www.40daysofholiness.com/day11","https://sales.newstartdiscipleship.com/members-area1603689129287","outbound","Pastor Login","noreferrer noopener","NO","NOT_TESTED",""
"https://www.40daysofholiness.com/day11","https://www.40daysofholiness.com/blog","internal","Blog","","NO","NOT_TESTED",""
"https://www.40daysofholiness.com/day11","http://www.youtube.com/darrellstetlerii","outbound","Youtube live stream","","NO","NOT_TESTED",""
"https://www.40daysofholiness.com/day11","https://www.40daysofholiness.com/","internal","click here to download this PDF Bible study","","NO","NOT_TESTED",""
"https://www.40daysofholiness.com/day11","https://www.40daysofholiness.com/day12","internal","Next Day","","NO","NOT_TESTED",""
"https://www.40daysofholiness.com/day11","https://soundcloud.com/darrell-stetler-ii","outbound","","","NO","NOT_TESTED",""
"https://www.40daysofholiness.com/day11","https://www.linkedin.com/in/darrellstetler2/","outbound","","","NO","NOT_TESTED",""
"https://www.40daysofholiness.com/day11","http://facebook.com/newstartdiscipleship","outbound","","","NO","NOT_TESTED",""
"https://www.40daysofholiness.com/day11","http://youtube.com/darrellstetlerii","outbound","","","NO","NOT_TESTED",""
"https://www.40daysofholiness.com/day11","http://twitter.com/darrellstetler2","outbound","","","NO","NOT_TESTED",""
"https://www.40daysofholiness.com/day12","https://www.40daysofholiness.com/","internal","HOME","","NO","NOT_TESTED",""
"https://www.40daysofholiness.com/day12","https://www.40daysofholiness.com/blank","internal","New Page","","NO","NOT_TESTED",""
"https://www.40daysofholiness.com/day12","https://sales.newstartdiscipleship.com/members-area1603689129287","outbound","Pastor Login","noreferrer noopener","NO","NOT_TESTED",""
"https://www.40daysofholiness.com/day12","https://www.40daysofholiness.com/blog","internal","Blog","","NO","NOT_TESTED",""
"https://www.40daysofholiness.com/day12","http://www.youtube.com/darrellstetlerii","outbound","Youtube live stream","","NO","NOT_TESTED",""
"https://www.40daysofholiness.com/day12","https://www.40daysofholiness.com/","internal","click here to download this PDF Bible study","","NO","NOT_TESTED",""
"https://www.40daysofholiness.com/day12","https://www.40daysofholiness.com/day13","internal","Next Day","","NO","NOT_TESTED",""
"https://www.40daysofholiness.com/day12","https://soundcloud.com/darrell-stetler-ii","outbound","","","NO","NOT_TESTED",""
"https://www.40daysofholiness.com/day12","https://www.linkedin.com/in/darrellstetler2/","outbound","","","NO","NOT_TESTED",""
"https://www.40daysofholiness.com/day12","http://facebook.com/newstartdiscipleship","outbound","","","NO","NOT_TESTED",""
"https://www.40daysofholiness.com/day12","http://youtube.com/darrellstetlerii","outbound","","","NO","NOT_TESTED",""
"https://www.40daysofholiness.com/day12","http://twitter.com/darrellstetler2","outbound","","","NO","NOT_TESTED",""
"https://www.40daysofholiness.com/day13","https://www.40daysofholiness.com/","internal","HOME","","NO","NOT_TESTED",""
"https://www.40daysofholiness.com/day13","https://www.40daysofholiness.com/blank","internal","New Page","","NO","NOT_TESTED",""
"https://www.40daysofholiness.com/day13","https://sales.newstartdiscipleship.com/members-area1603689129287","outbound","Pastor Login","noreferrer noopener","NO","NOT_TESTED",""
"https://www.40daysofholiness.com/day13","https://www.40daysofholiness.com/blog","internal","Blog","","NO","NOT_TESTED",""
"https://www.40daysofholiness.com/day13","http://www.youtube.com/darrellstetlerii","outbound","Youtube live stream","","NO","NOT_TESTED",""
"https://www.40daysofholiness.com/day13","https://www.40daysofholiness.com/","internal","click here to download this PDF Bible study","","NO","NOT_TESTED",""
"https://www.40daysofholiness.com/day13","https://www.40daysofholiness.com/day14","internal","Next Day","","NO","NOT_TESTED",""
"https://www.40daysofholiness.com/day13","https://soundcloud.com/darrell-stetler-ii","outbound","","","NO","NOT_TESTED",""
"https://www.40daysofholiness.com/day13","https://www.linkedin.com/in/darrellstetler2/","outbound","","","NO","NOT_TESTED",""
"https://www.40daysofholiness.com/day13","http://facebook.com/newstartdiscipleship","outbound","","","NO","NOT_TESTED",""
"https://www.40daysofholiness.com/day13","http://youtube.com/darrellstetlerii","outbound","","","NO","NOT_TESTED",""
"https://www.40daysofholiness.com/day13","http://twitter.com/darrellstetler2","outbound","","","NO","NOT_TESTED",""
"https://www.40daysofholiness.com/day14","https://www.40daysofholiness.com/","internal","HOME","","NO","NOT_TESTED",""
"https://www.40daysofholiness.com/day14","https://www.40daysofholiness.com/blank","internal","New Page","","NO","NOT_TESTED",""
"https://www.40daysofholiness.com/day14","https://sales.newstartdiscipleship.com/members-area1603689129287","outbound","Pastor Login","noreferrer noopener","NO","NOT_TESTED",""
"https://www.40daysofholiness.com/day14","https://www.40daysofholiness.com/blog","internal","Blog","","NO","NOT_TESTED",""
"https://www.40daysofholiness.com/day14","http://www.youtube.com/darrellstetlerii","outbound","Youtube live stream","","NO","NOT_TESTED",""
"https://www.40daysofholiness.com/day14","https://www.40daysofholiness.com/","internal","click here to download this PDF Bible study","","NO","NOT_TESTED",""
"https://www.40daysofholiness.com/day14","https://www.40daysofholiness.com/day15","internal","Next Day","","NO","NOT_TESTED",""
"https://www.40daysofholiness.com/day14","https://soundcloud.com/darrell-stetler-ii","outbound","","","NO","NOT_TESTED",""
"https://www.40daysofholiness.com/day14","https://www.linkedin.com/in/darrellstetler2/","outbound","","","NO","NOT_TESTED",""
"https://www.40daysofholiness.com/day14","http://facebook.com/newstartdiscipleship","outbound","","","NO","NOT_TESTED",""
"https://www.40daysofholiness.com/day14","http://youtube.com/darrellstetlerii","outbound","","","NO","NOT_TESTED",""
"https://www.40daysofholiness.com/day14","http://twitter.com/darrellstetler2","outbound","","","NO","NOT_TESTED",""
"https://www.40daysofholiness.com/day15","https://www.40daysofholiness.com/","internal","HOME","","NO","NOT_TESTED",""
"https://www.40daysofholiness.com/day15","https://www.40daysofholiness.com/blank","internal","New Page","","NO","NOT_TESTED",""
"https://www.40daysofholiness.com/day15","https://sales.newstartdiscipleship.com/members-area1603689129287","outbound","Pastor Login","noreferrer noopener","NO","NOT_TESTED",""
"https://www.40daysofholiness.com/day15","https://www.40daysofholiness.com/blog","internal","Blog","","NO","NOT_TESTED",""
"https://www.40daysofholiness.com/day15","http://www.youtube.com/darrellstetlerii","outbound","Youtube live stream","","NO","NOT_TESTED",""
"https://www.40daysofholiness.com/day15","https://www.40daysofholiness.com/","internal","click here to download this PDF Bible study","","NO","NOT_TESTED",""
"https://www.40daysofholiness.com/day15","https://www.40daysofholiness.com/day16","internal","Next Day","","NO","NOT_TESTED",""
"https://www.40daysofholiness.com/day15","https://soundcloud.com/darrell-stetler-ii","outbound","","","NO","NOT_TESTED",""
"https://www.40daysofholiness.com/day15","https://www.linkedin.com/in/darrellstetler2/","outbound","","","NO","NOT_TESTED",""
"https://www.40daysofholiness.com/day15","http://facebook.com/newstartdiscipleship","outbound","","","NO","NOT_TESTED",""
"https://www.40daysofholiness.com/day15","http://youtube.com/darrellstetlerii","outbound","","","NO","NOT_TESTED",""
"https://www.40daysofholiness.com/day15","http://twitter.com/darrellstetler2","outbound","","","NO","NOT_TESTED",""
"https://www.40daysofholiness.com/day16","https://www.40daysofholiness.com/","internal","HOME","","NO","NOT_TESTED",""
"https://www.40daysofholiness.com/day16","https://www.40daysofholiness.com/blank","internal","New Page","","NO","NOT_TESTED",""
"https://www.40daysofholiness.com/day16","https://sales.newstartdiscipleship.com/members-area1603689129287","outbound","Pastor Login","noreferrer noopener","NO","NOT_TESTED",""
"https://www.40daysofholiness.com/day16","https://www.40daysofholiness.com/blog","internal","Blog","","NO","NOT_TESTED",""
"https://www.40daysofholiness.com/day16","http://www.youtube.com/darrellstetlerii","outbound","Youtube live stream","","NO","NOT_TESTED",""
"https://www.40daysofholiness.com/day16","https://www.40daysofholiness.com/","internal","click here to download this PDF Bible study","","NO","NOT_TESTED",""
"https://www.40daysofholiness.com/day16","https://www.40daysofholiness.com/day17","internal","Next Day","","NO","NOT_TESTED",""
"https://www.40daysofholiness.com/day16","https://soundcloud.com/darrell-stetler-ii","outbound","","","NO","NOT_TESTED",""
"https://www.40daysofholiness.com/day16","https://www.linkedin.com/in/darrellstetler2/","outbound","","","NO","NOT_TESTED",""
"https://www.40daysofholiness.com/day16","http://facebook.com/newstartdiscipleship","outbound","","","NO","NOT_TESTED",""
"https://www.40daysofholiness.com/day16","http://youtube.com/darrellstetlerii","outbound","","","NO","NOT_TESTED",""
"https://www.40daysofholiness.com/day16","http://twitter.com/darrellstetler2","outbound","","","NO","NOT_TESTED",""
"https://www.40daysofholiness.com/day17","https://www.40daysofholiness.com/","internal","HOME","","NO","NOT_TESTED",""
"https://www.40daysofholiness.com/day17","https://www.40daysofholiness.com/blank","internal","New Page","","NO","NOT_TESTED",""
"https://www.40daysofholiness.com/day17","https://sales.newstartdiscipleship.com/members-area1603689129287","outbound","Pastor Login","noreferrer noopener","NO","NOT_TESTED",""
"https://www.40daysofholiness.com/day17","https://www.40daysofholiness.com/blog","internal","Blog","","NO","NOT_TESTED",""
"https://www.40daysofholiness.com/day17","http://www.youtube.com/darrellstetlerii","outbound","Youtube live stream","","NO","NOT_TESTED",""
"https://www.40daysofholiness.com/day17","https://www.40daysofholiness.com/","internal","click here to download this PDF Bible study","","NO","NOT_TESTED",""
"https://www.40daysofholiness.com/day17","https://www.40daysofholiness.com/day18","internal","Next Day","","NO","NOT_TESTED",""
"https://www.40daysofholiness.com/day17","https://soundcloud.com/darrell-stetler-ii","outbound","","","NO","NOT_TESTED",""
"https://www.40daysofholiness.com/day17","https://www.linkedin.com/in/darrellstetler2/","outbound","","","NO","NOT_TESTED",""
"https://www.40daysofholiness.com/day17","http://facebook.com/newstartdiscipleship","outbound","","","NO","NOT_TESTED",""
"https://www.40daysofholiness.com/day17","http://youtube.com/darrellstetlerii","outbound","","","NO","NOT_TESTED",""
"https://www.40daysofholiness.com/day17","http://twitter.com/darrellstetler2","outbound","","","NO","NOT_TESTED",""
"https://www.40daysofholiness.com/day18","https://www.40daysofholiness.com/","internal","HOME","","NO","NOT_TESTED",""
"https://www.40daysofholiness.com/day18","https://www.40daysofholiness.com/blank","internal","New Page","","NO","NOT_TESTED",""
"https://www.40daysofholiness.com/day18","https://sales.newstartdiscipleship.com/members-area1603689129287","outbound","Pastor Login","noreferrer noopener","NO","NOT_TESTED",""
"https://www.40daysofholiness.com/day18","https://www.40daysofholiness.com/blog","internal","Blog","","NO","NOT_TESTED",""
"https://www.40daysofholiness.com/day18","http://www.youtube.com/darrellstetlerii","outbound","Youtube live stream","","NO","NOT_TESTED",""
"https://www.40daysofholiness.com/day18","https://www.40daysofholiness.com/","internal","click here to download this PDF Bible study","","NO","NOT_TESTED",""
"https://www.40daysofholiness.com/day18","https://www.40daysofholiness.com/day19","internal","Next Day","","NO","NOT_TESTED",""
"https://www.40daysofholiness.com/day18","https://soundcloud.com/darrell-stetler-ii","outbound","","","NO","NOT_TESTED",""
"https://www.40daysofholiness.com/day18","https://www.linkedin.com/in/darrellstetler2/","outbound","","","NO","NOT_TESTED",""
"https://www.40daysofholiness.com/day18","http://facebook.com/newstartdiscipleship","outbound","","","NO","NOT_TESTED",""
"https://www.40daysofholiness.com/day18","http://youtube.com/darrellstetlerii","outbound","","","NO","NOT_TESTED",""
"https://www.40daysofholiness.com/day18","http://twitter.com/darrellstetler2","outbound","","","NO","NOT_TESTED",""
"https://www.40daysofholiness.com/day19","https://www.40daysofholiness.com/","internal","HOME","","NO","NOT_TESTED",""
"https://www.40daysofholiness.com/day19","https://www.40daysofholiness.com/blank","internal","New Page","","NO","NOT_TESTED",""
"https://www.40daysofholiness.com/day19","https://sales.newstartdiscipleship.com/members-area1603689129287","outbound","Pastor Login","noreferrer noopener","NO","NOT_TESTED",""
"https://www.40daysofholiness.com/day19","https://www.40daysofholiness.com/blog","internal","Blog","","NO","NOT_TESTED",""
"https://www.40daysofholiness.com/day19","http://www.youtube.com/darrellstetlerii","outbound","Youtube live stream","","NO","NOT_TESTED",""
"https://www.40daysofholiness.com/day19","https://www.40daysofholiness.com/","internal","click here to download this PDF Bible study","","NO","NOT_TESTED",""
"https://www.40daysofholiness.com/day19","https://www.40daysofholiness.com/day20","internal","Next Day","","NO","NOT_TESTED",""
"https://www.40daysofholiness.com/day19","https://soundcloud.com/darrell-stetler-ii","outbound","","","NO","NOT_TESTED",""
"https://www.40daysofholiness.com/day19","https://www.linkedin.com/in/darrellstetler2/","outbound","","","NO","NOT_TESTED",""
"https://www.40daysofholiness.com/day19","http://facebook.com/newstartdiscipleship","outbound","","","NO","NOT_TESTED",""
"https://www.40daysofholiness.com/day19","http://youtube.com/darrellstetlerii","outbound","","","NO","NOT_TESTED",""
"https://www.40daysofholiness.com/day19","http://twitter.com/darrellstetler2","outbound","","","NO","NOT_TESTED",""
"https://www.40daysofholiness.com/day20","https://www.40daysofholiness.com/","internal","HOME","","NO","NOT_TESTED",""
"https://www.40daysofholiness.com/day20","https://www.40daysofholiness.com/blank","internal","New Page","","NO","NOT_TESTED",""
"https://www.40daysofholiness.com/day20","https://sales.newstartdiscipleship.com/members-area1603689129287","outbound","Pastor Login","noreferrer noopener","NO","NOT_TESTED",""
"https://www.40daysofholiness.com/day20","https://www.40daysofholiness.com/blog","internal","Blog","","NO","NOT_TESTED",""
"https://www.40daysofholiness.com/day20","http://www.youtube.com/darrellstetlerii","outbound","Youtube live stream","","NO","NOT_TESTED",""
"https://www.40daysofholiness.com/day20","https://www.40daysofholiness.com/","internal","click here to download this PDF Bible study","","NO","NOT_TESTED",""
"https://www.40daysofholiness.com/day20","https://www.40daysofholiness.com/day21","internal","Next Day","","NO","NOT_TESTED",""
"https://www.40daysofholiness.com/day20","https://soundcloud.com/darrell-stetler-ii","outbound","","","NO","NOT_TESTED",""
"https://www.40daysofholiness.com/day20","https://www.linkedin.com/in/darrellstetler2/","outbound","","","NO","NOT_TESTED",""
"https://www.40daysofholiness.com/day20","http://facebook.com/newstartdiscipleship","outbound","","","NO","NOT_TESTED",""
"https://www.40daysofholiness.com/day20","http://youtube.com/darrellstetlerii","outbound","","","NO","NOT_TESTED",""
"https://www.40daysofholiness.com/day20","http://twitter.com/darrellstetler2","outbound","","","NO","NOT_TESTED",""
"https://www.40daysofholiness.com/day21","https://www.40daysofholiness.com/","internal","HOME","","NO","NOT_TESTED",""
"https://www.40daysofholiness.com/day21","https://www.40daysofholiness.com/blank","internal","New Page","","NO","NOT_TESTED",""
"https://www.40daysofholiness.com/day21","https://sales.newstartdiscipleship.com/members-area1603689129287","outbound","Pastor Login","noreferrer noopener","NO","NOT_TESTED",""
"https://www.40daysofholiness.com/day21","https://www.40daysofholiness.com/blog","internal","Blog","","NO","NOT_TESTED",""
"https://www.40daysofholiness.com/day21","http://www.youtube.com/darrellstetlerii","outbound","Youtube live stream","","NO","NOT_TESTED",""
"https://www.40daysofholiness.com/day21","https://www.40daysofholiness.com/","internal","click here to download this PDF Bible study","","NO","NOT_TESTED",""
"https://www.40daysofholiness.com/day21","https://www.40daysofholiness.com/day22","internal","Next Day","","NO","NOT_TESTED",""
"https://www.40daysofholiness.com/day21","https://soundcloud.com/darrell-stetler-ii","outbound","","","NO","NOT_TESTED",""
"https://www.40daysofholiness.com/day21","https://www.linkedin.com/in/darrellstetler2/","outbound","","","NO","NOT_TESTED",""
"https://www.40daysofholiness.com/day21","http://facebook.com/newstartdiscipleship","outbound","","","NO","NOT_TESTED",""
"https://www.40daysofholiness.com/day21","http://youtube.com/darrellstetlerii","outbound","","","NO","NOT_TESTED",""
"https://www.40daysofholiness.com/day21","http://twitter.com/darrellstetler2","outbound","","","NO","NOT_TESTED",""
"https://www.40daysofholiness.com/day22","https://www.40daysofholiness.com/","internal","HOME","","NO","NOT_TESTED",""
"https://www.40daysofholiness.com/day22","https://www.40daysofholiness.com/blank","internal","New Page","","NO","NOT_TESTED",""
"https://www.40daysofholiness.com/day22","https://sales.newstartdiscipleship.com/members-area1603689129287","outbound","Pastor Login","noreferrer noopener","NO","NOT_TESTED",""
"https://www.40daysofholiness.com/day22","https://www.40daysofholiness.com/blog","internal","Blog","","NO","NOT_TESTED",""
"https://www.40daysofholiness.com/day22","http://www.youtube.com/darrellstetlerii","outbound","Youtube live stream","","NO","NOT_TESTED",""
"https://www.40daysofholiness.com/day22","https://www.40daysofholiness.com/","internal","click here to download this PDF Bible study","","NO","NOT_TESTED",""
"https://www.40daysofholiness.com/day22","https://www.40daysofholiness.com/day23","internal","Next Day","","NO","NOT_TESTED",""
"https://www.40daysofholiness.com/day22","https://soundcloud.com/darrell-stetler-ii","outbound","","","NO","NOT_TESTED",""
"https://www.40daysofholiness.com/day22","https://www.linkedin.com/in/darrellstetler2/","outbound","","","NO","NOT_TESTED",""
"https://www.40daysofholiness.com/day22","http://facebook.com/newstartdiscipleship","outbound","","","NO","NOT_TESTED",""
"https://www.40daysofholiness.com/day22","http://youtube.com/darrellstetlerii","outbound","","","NO","NOT_TESTED",""
"https://www.40daysofholiness.com/day22","http://twitter.com/darrellstetler2","outbound","","","NO","NOT_TESTED",""
"https://www.40daysofholiness.com/day23","https://www.40daysofholiness.com/","internal","HOME","","NO","NOT_TESTED",""
"https://www.40daysofholiness.com/day23","https://www.40daysofholiness.com/blank","internal","New Page","","NO","NOT_TESTED",""
"https://www.40daysofholiness.com/day23","https://sales.newstartdiscipleship.com/members-area1603689129287","outbound","Pastor Login","noreferrer noopener","NO","NOT_TESTED",""
"https://www.40daysofholiness.com/day23","https://www.40daysofholiness.com/blog","internal","Blog","","NO","NOT_TESTED",""
"https://www.40daysofholiness.com/day23","http://www.youtube.com/darrellstetlerii","outbound","Youtube live stream","","NO","NOT_TESTED",""
"https://www.40daysofholiness.com/day23","https://www.40daysofholiness.com/","internal","click here to download this PDF Bible study","","NO","NOT_TESTED",""
"https://www.40daysofholiness.com/day23","https://www.40daysofholiness.com/day24","internal","Next Day","","NO","NOT_TESTED",""
"https://www.40daysofholiness.com/day23","https://soundcloud.com/darrell-stetler-ii","outbound","","","NO","NOT_TESTED",""
"https://www.40daysofholiness.com/day23","https://www.linkedin.com/in/darrellstetler2/","outbound","","","NO","NOT_TESTED",""
"https://www.40daysofholiness.com/day23","http://facebook.com/newstartdiscipleship","outbound","","","NO","NOT_TESTED",""
"https://www.40daysofholiness.com/day23","http://youtube.com/darrellstetlerii","outbound","","","NO","NOT_TESTED",""
"https://www.40daysofholiness.com/day23","http://twitter.com/darrellstetler2","outbound","","","NO","NOT_TESTED",""
"https://www.40daysofholiness.com/day24","https://www.40daysofholiness.com/","internal","HOME","","NO","NOT_TESTED",""
"https://www.40daysofholiness.com/day24","https://www.40daysofholiness.com/blank","internal","New Page","","NO","NOT_TESTED",""
"https://www.40daysofholiness.com/day24","https://sales.newstartdiscipleship.com/members-area1603689129287","outbound","Pastor Login","noreferrer noopener","NO","NOT_TESTED",""
"https://www.40daysofholiness.com/day24","https://www.40daysofholiness.com/blog","internal","Blog","","NO","NOT_TESTED",""
"https://www.40daysofholiness.com/day24","http://www.youtube.com/darrellstetlerii","outbound","Youtube live stream","","NO","NOT_TESTED",""
"https://www.40daysofholiness.com/day24","https://www.40daysofholiness.com/","internal","click here to download this PDF Bible study","","NO","NOT_TESTED",""
"https://www.40daysofholiness.com/day24","https://www.40daysofholiness.com/day25","internal","Next Day","","NO","NOT_TESTED",""
"https://www.40daysofholiness.com/day24","https://soundcloud.com/darrell-stetler-ii","outbound","","","NO","NOT_TESTED",""
"https://www.40daysofholiness.com/day24","https://www.linkedin.com/in/darrellstetler2/","outbound","","","NO","NOT_TESTED",""
"https://www.40daysofholiness.com/day24","http://facebook.com/newstartdiscipleship","outbound","","","NO","NOT_TESTED",""
"https://www.40daysofholiness.com/day24","http://youtube.com/darrellstetlerii","outbound","","","NO","NOT_TESTED",""
"https://www.40daysofholiness.com/day24","http://twitter.com/darrellstetler2","outbound","","","NO","NOT_TESTED",""
"https://www.40daysofholiness.com/day25","https://www.40daysofholiness.com/","internal","HOME","","NO","NOT_TESTED",""
"https://www.40daysofholiness.com/day25","https://www.40daysofholiness.com/blank","internal","New Page","","NO","NOT_TESTED",""
"https://www.40daysofholiness.com/day25","https://sales.newstartdiscipleship.com/members-area1603689129287","outbound","Pastor Login","noreferrer noopener","NO","NOT_TESTED",""
"https://www.40daysofholiness.com/day25","https://www.40daysofholiness.com/blog","internal","Blog","","NO","NOT_TESTED",""
"https://www.40daysofholiness.com/day25","http://www.youtube.com/darrellstetlerii","outbound","Youtube live stream","","NO","NOT_TESTED",""
"https://www.40daysofholiness.com/day25","https://www.40daysofholiness.com/","internal","click here to download this PDF Bible study","","NO","NOT_TESTED",""
"https://www.40daysofholiness.com/day25","https://www.40daysofholiness.com/day26","internal","Next Day","","NO","NOT_TESTED",""
"https://www.40daysofholiness.com/day25","https://soundcloud.com/darrell-stetler-ii","outbound","","","NO","NOT_TESTED",""
"https://www.40daysofholiness.com/day25","https://www.linkedin.com/in/darrellstetler2/","outbound","","","NO","NOT_TESTED",""
"https://www.40daysofholiness.com/day25","http://facebook.com/newstartdiscipleship","outbound","","","NO","NOT_TESTED",""
"https://www.40daysofholiness.com/day25","http://youtube.com/darrellstetlerii","outbound","","","NO","NOT_TESTED",""
"https://www.40daysofholiness.com/day25","http://twitter.com/darrellstetler2","outbound","","","NO","NOT_TESTED",""
"https://www.40daysofholiness.com/day26","https://www.40daysofholiness.com/","internal","HOME","","NO","NOT_TESTED",""
"https://www.40daysofholiness.com/day26","https://www.40daysofholiness.com/blank","internal","New Page","","NO","NOT_TESTED",""
"https://www.40daysofholiness.com/day26","https://sales.newstartdiscipleship.com/members-area1603689129287","outbound","Pastor Login","noreferrer noopener","NO","NOT_TESTED",""
"https://www.40daysofholiness.com/day26","https://www.40daysofholiness.com/blog","internal","Blog","","NO","NOT_TESTED",""
"https://www.40daysofholiness.com/day26","http://www.youtube.com/darrellstetlerii","outbound","Youtube live stream","","NO","NOT_TESTED",""
"https://www.40daysofholiness.com/day26","https://www.40daysofholiness.com/","internal","click here to download this PDF Bible study","","NO","NOT_TESTED",""
"https://www.40daysofholiness.com/day26","https://www.40daysofholiness.com/day27","internal","Next Day","","NO","NOT_TESTED",""
"https://www.40daysofholiness.com/day26","https://soundcloud.com/darrell-stetler-ii","outbound","","","NO","NOT_TESTED",""
"https://www.40daysofholiness.com/day26","https://www.linkedin.com/in/darrellstetler2/","outbound","","","NO","NOT_TESTED",""
"https://www.40daysofholiness.com/day26","http://facebook.com/newstartdiscipleship","outbound","","","NO","NOT_TESTED",""
"https://www.40daysofholiness.com/day26","http://youtube.com/darrellstetlerii","outbound","","","NO","NOT_TESTED",""
"https://www.40daysofholiness.com/day26","http://twitter.com/darrellstetler2","outbound","","","NO","NOT_TESTED",""
"https://www.40daysofholiness.com/day27","https://www.40daysofholiness.com/","internal","HOME","","NO","NOT_TESTED",""
"https://www.40daysofholiness.com/day27","https://www.40daysofholiness.com/blank","internal","New Page","","NO","NOT_TESTED",""
"https://www.40daysofholiness.com/day27","https://sales.newstartdiscipleship.com/members-area1603689129287","outbound","Pastor Login","noreferrer noopener","NO","NOT_TESTED",""
"https://www.40daysofholiness.com/day27","https://www.40daysofholiness.com/blog","internal","Blog","","NO","NOT_TESTED",""
"https://www.40daysofholiness.com/day27","http://www.youtube.com/darrellstetlerii","outbound","Youtube live stream","","NO","NOT_TESTED",""
"https://www.40daysofholiness.com/day27","https://www.40daysofholiness.com/","internal","click here to download this PDF Bible study","","NO","NOT_TESTED",""
"https://www.40daysofholiness.com/day27","https://www.40daysofholiness.com/day28","internal","Next Day","","NO","NOT_TESTED",""
"https://www.40daysofholiness.com/day27","https://soundcloud.com/darrell-stetler-ii","outbound","","","NO","NOT_TESTED",""
"https://www.40daysofholiness.com/day27","https://www.linkedin.com/in/darrellstetler2/","outbound","","","NO","NOT_TESTED",""
"https://www.40daysofholiness.com/day27","http://facebook.com/newstartdiscipleship","outbound","","","NO","NOT_TESTED",""
"https://www.40daysofholiness.com/day27","http://youtube.com/darrellstetlerii","outbound","","","NO","NOT_TESTED",""
"https://www.40daysofholiness.com/day27","http://twitter.com/darrellstetler2","outbound","","","NO","NOT_TESTED",""
"https://www.40daysofholiness.com/day28","https://www.40daysofholiness.com/","internal","HOME","","NO","NOT_TESTED",""
"https://www.40daysofholiness.com/day28","https://www.40daysofholiness.com/blank","internal","New Page","","NO","NOT_TESTED",""
"https://www.40daysofholiness.com/day28","https://sales.newstartdiscipleship.com/members-area1603689129287","outbound","Pastor Login","noreferrer noopener","NO","NOT_TESTED",""
"https://www.40daysofholiness.com/day28","https://www.40daysofholiness.com/blog","internal","Blog","","NO","NOT_TESTED",""
"https://www.40daysofholiness.com/day28","http://www.youtube.com/darrellstetlerii","outbound","Youtube live stream","","NO","NOT_TESTED",""
"https://www.40daysofholiness.com/day28","https://www.40daysofholiness.com/","internal","click here to download this PDF Bible study","","NO","NOT_TESTED",""
"https://www.40daysofholiness.com/day28","https://www.40daysofholiness.com/day29","internal","Next Day","","NO","NOT_TESTED",""
"https://www.40daysofholiness.com/day28","https://soundcloud.com/darrell-stetler-ii","outbound","","","NO","NOT_TESTED",""
"https://www.40daysofholiness.com/day28","https://www.linkedin.com/in/darrellstetler2/","outbound","","","NO","NOT_TESTED",""
"https://www.40daysofholiness.com/day28","http://facebook.com/newstartdiscipleship","outbound","","","NO","NOT_TESTED",""
"https://www.40daysofholiness.com/day28","http://youtube.com/darrellstetlerii","outbound","","","NO","NOT_TESTED",""
"https://www.40daysofholiness.com/day28","http://twitter.com/darrellstetler2","outbound","","","NO","NOT_TESTED",""
"https://www.40daysofholiness.com/day29","https://www.40daysofholiness.com/","internal","HOME","","NO","NOT_TESTED",""
"https://www.40daysofholiness.com/day29","https://www.40daysofholiness.com/blank","internal","New Page","","NO","NOT_TESTED",""
"https://www.40daysofholiness.com/day29","https://sales.newstartdiscipleship.com/members-area1603689129287","outbound","Pastor Login","noreferrer noopener","NO","NOT_TESTED",""
"https://www.40daysofholiness.com/day29","https://www.40daysofholiness.com/blog","internal","Blog","","NO","NOT_TESTED",""
"https://www.40daysofholiness.com/day29","http://www.youtube.com/darrellstetlerii","outbound","Youtube live stream","","NO","NOT_TESTED",""
"https://www.40daysofholiness.com/day29","https://www.40daysofholiness.com/","internal","click here to download this PDF Bible study","","NO","NOT_TESTED",""
"https://www.40daysofholiness.com/day29","https://www.40daysofholiness.com/day30","internal","Next Day","","NO","NOT_TESTED",""
"https://www.40daysofholiness.com/day29","https://soundcloud.com/darrell-stetler-ii","outbound","","","NO","NOT_TESTED",""
"https://www.40daysofholiness.com/day29","https://www.linkedin.com/in/darrellstetler2/","outbound","","","NO","NOT_TESTED",""
"https://www.40daysofholiness.com/day29","http://facebook.com/newstartdiscipleship","outbound","","","NO","NOT_TESTED",""
"https://www.40daysofholiness.com/day29","http://youtube.com/darrellstetlerii","outbound","","","NO","NOT_TESTED",""
"https://www.40daysofholiness.com/day29","http://twitter.com/darrellstetler2","outbound","","","NO","NOT_TESTED",""
"https://www.40daysofholiness.com/day30","https://www.40daysofholiness.com/","internal","HOME","","NO","NOT_TESTED",""
"https://www.40daysofholiness.com/day30","https://www.40daysofholiness.com/blank","internal","New Page","","NO","NOT_TESTED",""
"https://www.40daysofholiness.com/day30","https://sales.newstartdiscipleship.com/members-area1603689129287","outbound","Pastor Login","noreferrer noopener","NO","NOT_TESTED",""
"https://www.40daysofholiness.com/day30","https://www.40daysofholiness.com/blog","internal","Blog","","NO","NOT_TESTED",""
"https://www.40daysofholiness.com/day30","http://www.youtube.com/darrellstetlerii","outbound","Youtube live stream","","NO","NOT_TESTED",""
"https://www.40daysofholiness.com/day30","https://www.40daysofholiness.com/","internal","click here to download this PDF Bible study","","NO","NOT_TESTED",""
"https://www.40daysofholiness.com/day30","https://www.40daysofholiness.com/day31","internal","Next Day","","NO","NOT_TESTED",""
"https://www.40daysofholiness.com/day30","https://soundcloud.com/darrell-stetler-ii","outbound","","","NO","NOT_TESTED",""
"https://www.40daysofholiness.com/day30","https://www.linkedin.com/in/darrellstetler2/","outbound","","","NO","NOT_TESTED",""
"https://www.40daysofholiness.com/day30","http://facebook.com/newstartdiscipleship","outbound","","","NO","NOT_TESTED",""
"https://www.40daysofholiness.com/day30","http://youtube.com/darrellstetlerii","outbound","","","NO","NOT_TESTED",""
"https://www.40daysofholiness.com/day30","http://twitter.com/darrellstetler2","outbound","","","NO","NOT_TESTED",""
"https://www.40daysofholiness.com/day31","https://www.40daysofholiness.com/","internal","HOME","","NO","NOT_TESTED",""
"https://www.40daysofholiness.com/day31","https://www.40daysofholiness.com/blank","internal","New Page","","NO","NOT_TESTED",""
"https://www.40daysofholiness.com/day31","https://sales.newstartdiscipleship.com/members-area1603689129287","outbound","Pastor Login","noreferrer noopener","NO","NOT_TESTED",""
"https://www.40daysofholiness.com/day31","https://www.40daysofholiness.com/blog","internal","Blog","","NO","NOT_TESTED",""
"https://www.40daysofholiness.com/day31","http://www.youtube.com/darrellstetlerii","outbound","Youtube live stream","","NO","NOT_TESTED",""
"https://www.40daysofholiness.com/day31","https://www.40daysofholiness.com/","internal","click here to download this PDF Bible study","","NO","NOT_TESTED",""
"https://www.40daysofholiness.com/day31","https://www.40daysofholiness.com/day32","internal","Next Day","","NO","NOT_TESTED",""
"https://www.40daysofholiness.com/day31","https://soundcloud.com/darrell-stetler-ii","outbound","","","NO","NOT_TESTED",""
"https://www.40daysofholiness.com/day31","https://www.linkedin.com/in/darrellstetler2/","outbound","","","NO","NOT_TESTED",""
"https://www.40daysofholiness.com/day31","http://facebook.com/newstartdiscipleship","outbound","","","NO","NOT_TESTED",""
"https://www.40daysofholiness.com/day31","http://youtube.com/darrellstetlerii","outbound","","","NO","NOT_TESTED",""
"https://www.40daysofholiness.com/day31","http://twitter.com/darrellstetler2","outbound","","","NO","NOT_TESTED",""
"https://www.40daysofholiness.com/day32","https://www.40daysofholiness.com/","internal","HOME","","NO","NOT_TESTED",""
"https://www.40daysofholiness.com/day32","https://www.40daysofholiness.com/blank","internal","New Page","","NO","NOT_TESTED",""
"https://www.40daysofholiness.com/day32","https://sales.newstartdiscipleship.com/members-area1603689129287","outbound","Pastor Login","noreferrer noopener","NO","NOT_TESTED",""
"https://www.40daysofholiness.com/day32","https://www.40daysofholiness.com/blog","internal","Blog","","NO","NOT_TESTED",""
"https://www.40daysofholiness.com/day32","http://www.youtube.com/darrellstetlerii","outbound","Youtube live stream","","NO","NOT_TESTED",""
"https://www.40daysofholiness.com/day32","https://www.40daysofholiness.com/","internal","click here to download this PDF Bible study","","NO","NOT_TESTED",""
"https://www.40daysofholiness.com/day32","https://www.40daysofholiness.com/day33","internal","Next Day","","NO","NOT_TESTED",""
"https://www.40daysofholiness.com/day32","https://soundcloud.com/darrell-stetler-ii","outbound","","","NO","NOT_TESTED",""
"https://www.40daysofholiness.com/day32","https://www.linkedin.com/in/darrellstetler2/","outbound","","","NO","NOT_TESTED",""
"https://www.40daysofholiness.com/day32","http://facebook.com/newstartdiscipleship","outbound","","","NO","NOT_TESTED",""
"https://www.40daysofholiness.com/day32","http://youtube.com/darrellstetlerii","outbound","","","NO","NOT_TESTED",""
"https://www.40daysofholiness.com/day32","http://twitter.com/darrellstetler2","outbound","","","NO","NOT_TESTED",""
"https://www.40daysofholiness.com/day33","https://www.40daysofholiness.com/","internal","HOME","","NO","NOT_TESTED",""
"https://www.40daysofholiness.com/day33","https://www.40daysofholiness.com/blank","internal","New Page","","NO","NOT_TESTED",""
"https://www.40daysofholiness.com/day33","https://sales.newstartdiscipleship.com/members-area1603689129287","outbound","Pastor Login","noreferrer noopener","NO","NOT_TESTED",""
"https://www.40daysofholiness.com/day33","https://www.40daysofholiness.com/blog","internal","Blog","","NO","NOT_TESTED",""
"https://www.40daysofholiness.com/day33","http://www.youtube.com/darrellstetlerii","outbound","Youtube live stream","","NO","NOT_TESTED",""
"https://www.40daysofholiness.com/day33","https://www.40daysofholiness.com/","internal","click here to download this PDF Bible study","","NO","NOT_TESTED",""
"https://www.40daysofholiness.com/day33","https://www.40daysofholiness.com/day34","internal","Next Day","","NO","NOT_TESTED",""
"https://www.40daysofholiness.com/day33","https://soundcloud.com/darrell-stetler-ii","outbound","","","NO","NOT_TESTED",""
"https://www.40daysofholiness.com/day33","https://www.linkedin.com/in/darrellstetler2/","outbound","","","NO","NOT_TESTED",""
"https://www.40daysofholiness.com/day33","http://facebook.com/newstartdiscipleship","outbound","","","NO","NOT_TESTED",""
"https://www.40daysofholiness.com/day33","http://youtube.com/darrellstetlerii","outbound","","","NO","NOT_TESTED",""
"https://www.40daysofholiness.com/day33","http://twitter.com/darrellstetler2","outbound","","","NO","NOT_TESTED",""
"https://www.40daysofholiness.com/day34","https://www.40daysofholiness.com/","internal","HOME","","NO","NOT_TESTED",""
"https://www.40daysofholiness.com/day34","https://www.40daysofholiness.com/blank","internal","New Page","","NO","NOT_TESTED",""
"https://www.40daysofholiness.com/day34","https://sales.newstartdiscipleship.com/members-area1603689129287","outbound","Pastor Login","noreferrer noopener","NO","NOT_TESTED",""
"https://www.40daysofholiness.com/day34","https://www.40daysofholiness.com/blog","internal","Blog","","NO","NOT_TESTED",""
"https://www.40daysofholiness.com/day34","http://www.youtube.com/darrellstetlerii","outbound","Youtube live stream","","NO","NOT_TESTED",""
"https://www.40daysofholiness.com/day34","https://www.40daysofholiness.com/","internal","click here to download this PDF Bible study","","NO","NOT_TESTED",""
"https://www.40daysofholiness.com/day34","https://www.40daysofholiness.com/day35","internal","Next Day","","NO","NOT_TESTED",""
"https://www.40daysofholiness.com/day34","https://soundcloud.com/darrell-stetler-ii","outbound","","","NO","NOT_TESTED",""
"https://www.40daysofholiness.com/day34","https://www.linkedin.com/in/darrellstetler2/","outbound","","","NO","NOT_TESTED",""
"https://www.40daysofholiness.com/day34","http://facebook.com/newstartdiscipleship","outbound","","","NO","NOT_TESTED",""
"https://www.40daysofholiness.com/day34","http://youtube.com/darrellstetlerii","outbound","","","NO","NOT_TESTED",""
"https://www.40daysofholiness.com/day34","http://twitter.com/darrellstetler2","outbound","","","NO","NOT_TESTED",""
"https://www.40daysofholiness.com/day35","https://www.40daysofholiness.com/","internal","HOME","","NO","NOT_TESTED",""
"https://www.40daysofholiness.com/day35","https://www.40daysofholiness.com/blank","internal","New Page","","NO","NOT_TESTED",""
"https://www.40daysofholiness.com/day35","https://sales.newstartdiscipleship.com/members-area1603689129287","outbound","Pastor Login","noreferrer noopener","NO","NOT_TESTED",""
"https://www.40daysofholiness.com/day35","https://www.40daysofholiness.com/blog","internal","Blog","","NO","NOT_TESTED",""
"https://www.40daysofholiness.com/day35","http://www.youtube.com/darrellstetlerii","outbound","Youtube live stream","","NO","NOT_TESTED",""
"https://www.40daysofholiness.com/day35","https://www.40daysofholiness.com/","internal","click here to download this PDF Bible study","","NO","NOT_TESTED",""
"https://www.40daysofholiness.com/day35","https://www.40daysofholiness.com/day36","internal","Next Day","","NO","NOT_TESTED",""
"https://www.40daysofholiness.com/day35","https://soundcloud.com/darrell-stetler-ii","outbound","","","NO","NOT_TESTED",""
"https://www.40daysofholiness.com/day35","https://www.linkedin.com/in/darrellstetler2/","outbound","","","NO","NOT_TESTED",""
"https://www.40daysofholiness.com/day35","http://facebook.com/newstartdiscipleship","outbound","","","NO","NOT_TESTED",""
"https://www.40daysofholiness.com/day35","http://youtube.com/darrellstetlerii","outbound","","","NO","NOT_TESTED",""
"https://www.40daysofholiness.com/day35","http://twitter.com/darrellstetler2","outbound","","","NO","NOT_TESTED",""
"https://www.40daysofholiness.com/day36","https://www.40daysofholiness.com/","internal","HOME","","NO","NOT_TESTED",""
"https://www.40daysofholiness.com/day36","https://www.40daysofholiness.com/blank","internal","New Page","","NO","NOT_TESTED",""
"https://www.40daysofholiness.com/day36","https://sales.newstartdiscipleship.com/members-area1603689129287","outbound","Pastor Login","noreferrer noopener","NO","NOT_TESTED",""
"https://www.40daysofholiness.com/day36","https://www.40daysofholiness.com/blog","internal","Blog","","NO","NOT_TESTED",""
"https://www.40daysofholiness.com/day36","http://www.youtube.com/darrellstetlerii","outbound","Youtube live stream","","NO","NOT_TESTED",""
"https://www.40daysofholiness.com/day36","https://www.40daysofholiness.com/","internal","click here to download this PDF Bible study","","NO","NOT_TESTED",""
"https://www.40daysofholiness.com/day36","https://www.40daysofholiness.com/day37","internal","Next Day","","NO","NOT_TESTED",""
"https://www.40daysofholiness.com/day36","https://soundcloud.com/darrell-stetler-ii","outbound","","","NO","NOT_TESTED",""
"https://www.40daysofholiness.com/day36","https://www.linkedin.com/in/darrellstetler2/","outbound","","","NO","NOT_TESTED",""
"https://www.40daysofholiness.com/day36","http://facebook.com/newstartdiscipleship","outbound","","","NO","NOT_TESTED",""
"https://www.40daysofholiness.com/day36","http://youtube.com/darrellstetlerii","outbound","","","NO","NOT_TESTED",""
"https://www.40daysofholiness.com/day36","http://twitter.com/darrellstetler2","outbound","","","NO","NOT_TESTED",""
"https://www.40daysofholiness.com/day37","https://www.40daysofholiness.com/","internal","HOME","","NO","NOT_TESTED",""
"https://www.40daysofholiness.com/day37","https://www.40daysofholiness.com/blank","internal","New Page","","NO","NOT_TESTED",""
"https://www.40daysofholiness.com/day37","https://sales.newstartdiscipleship.com/members-area1603689129287","outbound","Pastor Login","noreferrer noopener","NO","NOT_TESTED",""
"https://www.40daysofholiness.com/day37","https://www.40daysofholiness.com/blog","internal","Blog","","NO","NOT_TESTED",""
"https://www.40daysofholiness.com/day37","http://www.youtube.com/darrellstetlerii","outbound","Youtube live stream","","NO","NOT_TESTED",""
"https://www.40daysofholiness.com/day37","https://www.40daysofholiness.com/","internal","click here to download this PDF Bible study","","NO","NOT_TESTED",""
"https://www.40daysofholiness.com/day37","https://www.40daysofholiness.com/day38","internal","Next Day","","NO","NOT_TESTED",""
"https://www.40daysofholiness.com/day37","https://soundcloud.com/darrell-stetler-ii","outbound","","","NO","NOT_TESTED",""
"https://www.40daysofholiness.com/day37","https://www.linkedin.com/in/darrellstetler2/","outbound","","","NO","NOT_TESTED",""
"https://www.40daysofholiness.com/day37","http://facebook.com/newstartdiscipleship","outbound","","","NO","NOT_TESTED",""
"https://www.40daysofholiness.com/day37","http://youtube.com/darrellstetlerii","outbound","","","NO","NOT_TESTED",""
"https://www.40daysofholiness.com/day37","http://twitter.com/darrellstetler2","outbound","","","NO","NOT_TESTED",""
"https://www.40daysofholiness.com/day38","https://www.40daysofholiness.com/","internal","HOME","","NO","NOT_TESTED",""
"https://www.40daysofholiness.com/day38","https://www.40daysofholiness.com/blank","internal","New Page","","NO","NOT_TESTED",""
"https://www.40daysofholiness.com/day38","https://sales.newstartdiscipleship.com/members-area1603689129287","outbound","Pastor Login","noreferrer noopener","NO","NOT_TESTED",""
"https://www.40daysofholiness.com/day38","https://www.40daysofholiness.com/blog","internal","Blog","","NO","NOT_TESTED",""
"https://www.40daysofholiness.com/day38","http://www.youtube.com/darrellstetlerii","outbound","Youtube live stream","","NO","NOT_TESTED",""
"https://www.40daysofholiness.com/day38","https://www.40daysofholiness.com/","internal","click here to download this PDF Bible study","","NO","NOT_TESTED",""
"https://www.40daysofholiness.com/day38","https://www.40daysofholiness.com/day39","internal","Next Day","","NO","NOT_TESTED",""
"https://www.40daysofholiness.com/day38","https://soundcloud.com/darrell-stetler-ii","outbound","","","NO","NOT_TESTED",""
"https://www.40daysofholiness.com/day38","https://www.linkedin.com/in/darrellstetler2/","outbound","","","NO","NOT_TESTED",""
"https://www.40daysofholiness.com/day38","http://facebook.com/newstartdiscipleship","outbound","","","NO","NOT_TESTED",""
"https://www.40daysofholiness.com/day38","http://youtube.com/darrellstetlerii","outbound","","","NO","NOT_TESTED",""
"https://www.40daysofholiness.com/day38","http://twitter.com/darrellstetler2","outbound","","","NO","NOT_TESTED",""
"https://www.40daysofholiness.com/day39","https://www.40daysofholiness.com/","internal","HOME","","NO","NOT_TESTED",""
"https://www.40daysofholiness.com/day39","https://www.40daysofholiness.com/blank","internal","New Page","","NO","NOT_TESTED",""
"https://www.40daysofholiness.com/day39","https://sales.newstartdiscipleship.com/members-area1603689129287","outbound","Pastor Login","noreferrer noopener","NO","NOT_TESTED",""
"https://www.40daysofholiness.com/day39","https://www.40daysofholiness.com/blog","internal","Blog","","NO","NOT_TESTED",""
"https://www.40daysofholiness.com/day39","http://www.youtube.com/darrellstetlerii","outbound","Youtube live stream","","NO","NOT_TESTED",""
"https://www.40daysofholiness.com/day39","https://www.40daysofholiness.com/","internal","click here to download this PDF Bible study","","NO","NOT_TESTED",""
"https://www.40daysofholiness.com/day39","https://www.40daysofholiness.com/day40","internal","Next Day","","NO","NOT_TESTED",""
"https://www.40daysofholiness.com/day39","https://soundcloud.com/darrell-stetler-ii","outbound","","","NO","NOT_TESTED",""
"https://www.40daysofholiness.com/day39","https://www.linkedin.com/in/darrellstetler2/","outbound","","","NO","NOT_TESTED",""
"https://www.40daysofholiness.com/day39","http://facebook.com/newstartdiscipleship","outbound","","","NO","NOT_TESTED",""
"https://www.40daysofholiness.com/day39","http://youtube.com/darrellstetlerii","outbound","","","NO","NOT_TESTED",""
"https://www.40daysofholiness.com/day39","http://twitter.com/darrellstetler2","outbound","","","NO","NOT_TESTED",""
"https://www.40daysofholiness.com/day40","https://www.40daysofholiness.com/","internal","HOME","","NO","NOT_TESTED",""
"https://www.40daysofholiness.com/day40","https://www.40daysofholiness.com/blank","internal","New Page","","NO","NOT_TESTED",""
"https://www.40daysofholiness.com/day40","https://sales.newstartdiscipleship.com/members-area1603689129287","outbound","Pastor Login","noreferrer noopener","NO","NOT_TESTED",""
"https://www.40daysofholiness.com/day40","https://www.40daysofholiness.com/blog","internal","Blog","","NO","NOT_TESTED",""
"https://www.40daysofholiness.com/day40","http://www.youtube.com/darrellstetlerii","outbound","Youtube live stream","","NO","NOT_TESTED",""
"https://www.40daysofholiness.com/day40","https://www.40daysofholiness.com/","internal","click here to download this PDF Bible study","","NO","NOT_TESTED",""
"https://www.40daysofholiness.com/day40","https://www.40daysofholiness.com/pentecost-video-email-thanks","internal","Next Day","","NO","NOT_TESTED",""
"https://www.40daysofholiness.com/day40","https://soundcloud.com/darrell-stetler-ii","outbound","","","NO","NOT_TESTED",""
"https://www.40daysofholiness.com/day40","https://www.linkedin.com/in/darrellstetler2/","outbound","","","NO","NOT_TESTED",""
"https://www.40daysofholiness.com/day40","http://facebook.com/newstartdiscipleship","outbound","","","NO","NOT_TESTED",""
"https://www.40daysofholiness.com/day40","http://youtube.com/darrellstetlerii","outbound","","","NO","NOT_TESTED",""
"https://www.40daysofholiness.com/day40","http://twitter.com/darrellstetler2","outbound","","","NO","NOT_TESTED",""
"https://www.40daysofholiness.com/fullscreen-page","https://www.40daysofholiness.com/","internal","HOME","","NO","NOT_TESTED",""
"https://www.40daysofholiness.com/fullscreen-page","https://www.40daysofholiness.com/blank","internal","New Page","","NO","NOT_TESTED",""
"https://www.40daysofholiness.com/fullscreen-page","https://sales.newstartdiscipleship.com/members-area1603689129287","outbound","Pastor Login","noreferrer noopener","NO","NOT_TESTED",""
"https://www.40daysofholiness.com/fullscreen-page","https://www.40daysofholiness.com/blog","internal","Blog","","NO","NOT_TESTED",""
"https://www.40daysofholiness.com/fullscreen-page","https://soundcloud.com/darrell-stetler-ii","outbound","","","NO","NOT_TESTED",""
"https://www.40daysofholiness.com/fullscreen-page","https://www.linkedin.com/in/darrellstetler2/","outbound","","","NO","NOT_TESTED",""
"https://www.40daysofholiness.com/fullscreen-page","http://facebook.com/newstartdiscipleship","outbound","","","NO","NOT_TESTED",""
"https://www.40daysofholiness.com/fullscreen-page","http://youtube.com/darrellstetlerii","outbound","","","NO","NOT_TESTED",""
"https://www.40daysofholiness.com/fullscreen-page","http://twitter.com/darrellstetler2","outbound","","","NO","NOT_TESTED",""
"https://www.40daysofholiness.com/home","https://www.40daysofholiness.com/","internal","HOME","","NO","NOT_TESTED",""
"https://www.40daysofholiness.com/home","https://www.40daysofholiness.com/blank","internal","New Page","","NO","NOT_TESTED",""
"https://www.40daysofholiness.com/home","https://sales.newstartdiscipleship.com/members-area1603689129287","outbound","Pastor Login","noreferrer noopener","NO","NOT_TESTED",""
"https://www.40daysofholiness.com/home","https://www.40daysofholiness.com/blog","internal","Blog","","NO","NOT_TESTED",""
"https://www.40daysofholiness.com/home","http://sales.40daysofholiness.com/","outbound","Get this for my church!","noreferrer noopener","NO","NOT_TESTED",""
"https://www.40daysofholiness.com/home","http://challenge.40daysofholiness.com/","outbound","Get this for me!","noreferrer noopener","NO","NOT_TESTED",""
"https://www.40daysofholiness.com/home","http://sales.40daysofholiness.com/","outbound","Get this For My Church!","","NO","NOT_TESTED",""
"https://www.40daysofholiness.com/home","http://www.newstartdiscipleship.com/","outbound","train new believers","","NO","NOT_TESTED",""
"https://www.40daysofholiness.com/home","http://sales.40daysofholiness.com/","outbound","http://sales.40daysofholiness.com","","NO","NOT_TESTED",""
"https://www.40daysofholiness.com/home","https://soundcloud.com/darrell-stetler-ii","outbound","","","NO","NOT_TESTED",""
"https://www.40daysofholiness.com/home","https://www.linkedin.com/in/darrellstetler2/","outbound","","","NO","NOT_TESTED",""
"https://www.40daysofholiness.com/home","http://facebook.com/newstartdiscipleship","outbound","","","NO","NOT_TESTED",""
"https://www.40daysofholiness.com/home","http://youtube.com/darrellstetlerii","outbound","","","NO","NOT_TESTED",""
"https://www.40daysofholiness.com/home","http://twitter.com/darrellstetler2","outbound","","","NO","NOT_TESTED",""
"https://www.40daysofholiness.com/pentecost-sunday-loop-free-download","https://www.40daysofholiness.com/","internal","HOME","","NO","NOT_TESTED",""
"https://www.40daysofholiness.com/pentecost-sunday-loop-free-download","https://www.40daysofholiness.com/blank","internal","New Page","","NO","NOT_TESTED",""
"https://www.40daysofholiness.com/pentecost-sunday-loop-free-download","https://sales.newstartdiscipleship.com/members-area1603689129287","outbound","Pastor Login","noreferrer noopener","NO","NOT_TESTED",""
"https://www.40daysofholiness.com/pentecost-sunday-loop-free-download","https://www.40daysofholiness.com/blog","internal","Blog","","NO","NOT_TESTED",""
"https://www.40daysofholiness.com/pentecost-sunday-loop-free-download","https://soundcloud.com/darrell-stetler-ii","outbound","","","NO","NOT_TESTED",""
"https://www.40daysofholiness.com/pentecost-sunday-loop-free-download","https://www.linkedin.com/in/darrellstetler2/","outbound","","","NO","NOT_TESTED",""
"https://www.40daysofholiness.com/pentecost-sunday-loop-free-download","http://facebook.com/newstartdiscipleship","outbound","","","NO","NOT_TESTED",""
"https://www.40daysofholiness.com/pentecost-sunday-loop-free-download","http://youtube.com/darrellstetlerii","outbound","","","NO","NOT_TESTED",""
"https://www.40daysofholiness.com/pentecost-sunday-loop-free-download","http://twitter.com/darrellstetler2","outbound","","","NO","NOT_TESTED",""
"https://www.40daysofholiness.com/pentecost-video-email-thanks","https://www.40daysofholiness.com/","internal","HOME","","NO","NOT_TESTED",""
"https://www.40daysofholiness.com/pentecost-video-email-thanks","https://www.40daysofholiness.com/blank","internal","New Page","","NO","NOT_TESTED",""
"https://www.40daysofholiness.com/pentecost-video-email-thanks","https://sales.newstartdiscipleship.com/members-area1603689129287","outbound","Pastor Login","noreferrer noopener","NO","NOT_TESTED",""
"https://www.40daysofholiness.com/pentecost-video-email-thanks","https://www.40daysofholiness.com/blog","internal","Blog","","NO","NOT_TESTED",""
"https://www.40daysofholiness.com/pentecost-video-email-thanks","https://soundcloud.com/darrell-stetler-ii","outbound","","","NO","NOT_TESTED",""
"https://www.40daysofholiness.com/pentecost-video-email-thanks","https://www.linkedin.com/in/darrellstetler2/","outbound","","","NO","NOT_TESTED",""
"https://www.40daysofholiness.com/pentecost-video-email-thanks","http://facebook.com/newstartdiscipleship","outbound","","","NO","NOT_TESTED",""
"https://www.40daysofholiness.com/pentecost-video-email-thanks","http://youtube.com/darrellstetlerii","outbound","","","NO","NOT_TESTED",""
"https://www.40daysofholiness.com/pentecost-video-email-thanks","http://twitter.com/darrellstetler2","outbound","","","NO","NOT_TESTED",""
"https://www.40daysofholiness.com/post/john-wesley-s-covenant-prayer","https://www.40daysofholiness.com/","internal","HOME","","NO","NOT_TESTED",""
"https://www.40daysofholiness.com/post/john-wesley-s-covenant-prayer","https://www.40daysofholiness.com/blank","internal","New Page","","NO","NOT_TESTED",""
"https://www.40daysofholiness.com/post/john-wesley-s-covenant-prayer","https://sales.newstartdiscipleship.com/members-area1603689129287","outbound","Pastor Login","noreferrer noopener","NO","NOT_TESTED",""
"https://www.40daysofholiness.com/post/john-wesley-s-covenant-prayer","https://www.40daysofholiness.com/blog","internal","Blog","","NO","NOT_TESTED",""
"https://www.40daysofholiness.com/post/john-wesley-s-covenant-prayer","https://www.40daysofholiness.com/blog","internal","All Posts","","NO","NOT_TESTED",""
"https://www.40daysofholiness.com/post/john-wesley-s-covenant-prayer","https://www.newstartdiscipleship.com/post/23-of-charles-wesley-s-most-famous-hymns","outbound","wrote many hymns","noopener","NO","NOT_TESTED",""
"https://www.40daysofholiness.com/post/john-wesley-s-covenant-prayer","https://www.newstartdiscipleship.com/post/an-index-of-john-wesley-s-essential-sermons-in-today-s-english","outbound","many sermons","noopener","NO","NOT_TESTED",""
"https://www.40daysofholiness.com/post/john-wesley-s-covenant-prayer","https://www.40daysofholiness.com/blog","internal","See All","","NO","NOT_TESTED",""
"https://www.40daysofholiness.com/post/john-wesley-s-covenant-prayer","https://www.40daysofholiness.com/post/what-is-the-holiness-of-god","internal","","","NO","NOT_TESTED",""
"https://www.40daysofholiness.com/post/john-wesley-s-covenant-prayer","https://www.40daysofholiness.com/post/what-is-the-holiness-of-god","internal","What is the Holiness of God?","","NO","NOT_TESTED",""
"https://www.40daysofholiness.com/post/john-wesley-s-covenant-prayer","https://soundcloud.com/darrell-stetler-ii","outbound","","","NO","NOT_TESTED",""
"https://www.40daysofholiness.com/post/john-wesley-s-covenant-prayer","https://www.linkedin.com/in/darrellstetler2/","outbound","","","NO","NOT_TESTED",""
"https://www.40daysofholiness.com/post/john-wesley-s-covenant-prayer","http://facebook.com/newstartdiscipleship","outbound","","","NO","NOT_TESTED",""
"https://www.40daysofholiness.com/post/john-wesley-s-covenant-prayer","http://youtube.com/darrellstetlerii","outbound","","","NO","NOT_TESTED",""
"https://www.40daysofholiness.com/post/john-wesley-s-covenant-prayer","http://twitter.com/darrellstetler2","outbound","","","NO","NOT_TESTED",""
"https://www.40daysofholiness.com/post/what-is-the-holiness-of-god","https://www.40daysofholiness.com/","internal","HOME","","NO","NOT_TESTED",""
"https://www.40daysofholiness.com/post/what-is-the-holiness-of-god","https://www.40daysofholiness.com/blank","internal","New Page","","NO","NOT_TESTED",""
"https://www.40daysofholiness.com/post/what-is-the-holiness-of-god","https://sales.newstartdiscipleship.com/members-area1603689129287","outbound","Pastor Login","noreferrer noopener","NO","NOT_TESTED",""
"https://www.40daysofholiness.com/post/what-is-the-holiness-of-god","https://www.40daysofholiness.com/blog","internal","Blog","","NO","NOT_TESTED",""
"https://www.40daysofholiness.com/post/what-is-the-holiness-of-god","https://www.40daysofholiness.com/blog","internal","All Posts","","NO","NOT_TESTED",""
"https://www.40daysofholiness.com/post/what-is-the-holiness-of-god","https://www.40daysofholiness.com/","internal","click here","noopener noreferrer","NO","NOT_TESTED",""
"https://www.40daysofholiness.com/post/what-is-the-holiness-of-god","https://www.40daysofholiness.com/blog","internal","See All","","NO","NOT_TESTED",""
"https://www.40daysofholiness.com/post/what-is-the-holiness-of-god","https://www.40daysofholiness.com/post/john-wesley-s-covenant-prayer","internal","","","NO","NOT_TESTED",""
"https://www.40daysofholiness.com/post/what-is-the-holiness-of-god","https://www.40daysofholiness.com/post/john-wesley-s-covenant-prayer","internal","John Wesley’s Covenant Prayer","","NO","NOT_TESTED",""
"https://www.40daysofholiness.com/post/what-is-the-holiness-of-god","https://soundcloud.com/darrell-stetler-ii","outbound","","","NO","NOT_TESTED",""
"https://www.40daysofholiness.com/post/what-is-the-holiness-of-god","https://www.linkedin.com/in/darrellstetler2/","outbound","","","NO","NOT_TESTED",""
"https://www.40daysofholiness.com/post/what-is-the-holiness-of-god","http://facebook.com/newstartdiscipleship","outbound","","","NO","NOT_TESTED",""
"https://www.40daysofholiness.com/post/what-is-the-holiness-of-god","http://youtube.com/darrellstetlerii","outbound","","","NO","NOT_TESTED",""
"https://www.40daysofholiness.com/post/what-is-the-holiness-of-god","http://twitter.com/darrellstetler2","outbound","","","NO","NOT_TESTED",""
"https://www.40daysofholiness.com/search","https://www.40daysofholiness.com/","internal","HOME","","NO","NOT_TESTED",""
"https://www.40daysofholiness.com/search","https://www.40daysofholiness.com/blank","internal","New Page","","NO","NOT_TESTED",""
"https://www.40daysofholiness.com/search","https://sales.newstartdiscipleship.com/members-area1603689129287","outbound","Pastor Login","noreferrer noopener","NO","NOT_TESTED",""
"https://www.40daysofholiness.com/search","https://www.40daysofholiness.com/blog","internal","Blog","","NO","NOT_TESTED",""
"https://www.40daysofholiness.com/search","https://www.40daysofholiness.com/post/john-wesley-s-covenant-prayer","internal","","","NO","NOT_TESTED",""
"https://www.40daysofholiness.com/search","https://www.40daysofholiness.com/post/john-wesley-s-covenant-prayer","internal","John Wesley’s Covenant Prayer","","NO","NOT_TESTED",""
"https://www.40daysofholiness.com/search","https://www.40daysofholiness.com/post/what-is-the-holiness-of-god","internal","","","NO","NOT_TESTED",""
"https://www.40daysofholiness.com/search","https://www.40daysofholiness.com/post/what-is-the-holiness-of-god","internal","What is the Holiness of God?","","NO","NOT_TESTED",""
"https://www.40daysofholiness.com/search","https://soundcloud.com/darrell-stetler-ii","outbound","","","NO","NOT_TESTED",""
"https://www.40daysofholiness.com/search","https://www.linkedin.com/in/darrellstetler2/","outbound","","","NO","NOT_TESTED",""
"https://www.40daysofholiness.com/search","http://facebook.com/newstartdiscipleship","outbound","","","NO","NOT_TESTED",""
"https://www.40daysofholiness.com/search","http://youtube.com/darrellstetlerii","outbound","","","NO","NOT_TESTED",""
"https://www.40daysofholiness.com/search","http://twitter.com/darrellstetler2","outbound","","","NO","NOT_TESTED",""
"https://www.40daysofholiness.com/welcome","https://www.40daysofholiness.com/","internal","HOME","","NO","NOT_TESTED",""
"https://www.40daysofholiness.com/welcome","https://www.40daysofholiness.com/blank","internal","New Page","","NO","NOT_TESTED",""
"https://www.40daysofholiness.com/welcome","https://sales.newstartdiscipleship.com/members-area1603689129287","outbound","Pastor Login","noreferrer noopener","NO","NOT_TESTED",""
"https://www.40daysofholiness.com/welcome","https://www.40daysofholiness.com/blog","internal","Blog","","NO","NOT_TESTED",""
"https://www.40daysofholiness.com/welcome","http://www.okcbiblemethodist.org/","outbound","Bible Methodist church in Oklahoma City","","NO","NOT_TESTED",""
"https://www.40daysofholiness.com/welcome","http://challenge.40daysofholiness.com/","outbound","Pursuing Holiness printable workbook","","NO","NOT_TESTED",""
"https://www.40daysofholiness.com/welcome","http://www.newstartdiscipleship.com/","outbound","NewStart Discipleship","","NO","NOT_TESTED",""
"https://www.40daysofholiness.com/welcome","https://www.40daysofholiness.com/","internal","click here to download this PDF Bible study","","NO","NOT_TESTED",""
"https://www.40daysofholiness.com/welcome","http://facebook.com/newstartdiscipleship","outbound","NewStart Discipleship on Facebook.","","NO","NOT_TESTED",""
"https://www.40daysofholiness.com/welcome","http://www.youtube.com/darrellstetlerii","outbound","Youtube live stream","","NO","NOT_TESTED",""
"https://www.40daysofholiness.com/welcome","https://www.40daysofholiness.com/","internal","click here to download this PDF Bible study","","NO","NOT_TESTED",""
"https://www.40daysofholiness.com/welcome","https://www.40daysofholiness.com/day01","internal","Next Day","","NO","NOT_TESTED",""
"https://www.40daysofholiness.com/welcome","https://soundcloud.com/darrell-stetler-ii","outbound","","","NO","NOT_TESTED",""
"https://www.40daysofholiness.com/welcome","https://www.linkedin.com/in/darrellstetler2/","outbound","","","NO","NOT_TESTED",""
"https://www.40daysofholiness.com/welcome","http://facebook.com/newstartdiscipleship","outbound","","","NO","NOT_TESTED",""
"https://www.40daysofholiness.com/welcome","http://youtube.com/darrellstetlerii","outbound","","","NO","NOT_TESTED",""
"https://www.40daysofholiness.com/welcome","http://twitter.com/darrellstetler2","outbound","","","NO","NOT_TESTED",""
"https://www.40daysofholiness.com/worship-video-for-pentecost-sunday-fire-free","https://www.40daysofholiness.com/","internal","HOME","","NO","NOT_TESTED",""
"https://www.40daysofholiness.com/worship-video-for-pentecost-sunday-fire-free","https://www.40daysofholiness.com/blank","internal","New Page","","NO","NOT_TESTED",""
"https://www.40daysofholiness.com/worship-video-for-pentecost-sunday-fire-free","https://sales.newstartdiscipleship.com/members-area1603689129287","outbound","Pastor Login","noreferrer noopener","NO","NOT_TESTED",""
"https://www.40daysofholiness.com/worship-video-for-pentecost-sunday-fire-free","https://www.40daysofholiness.com/blog","internal","Blog","","NO","NOT_TESTED",""
"https://www.40daysofholiness.com/worship-video-for-pentecost-sunday-fire-free","https://soundcloud.com/darrell-stetler-ii","outbound","","","NO","NOT_TESTED",""
"https://www.40daysofholiness.com/worship-video-for-pentecost-sunday-fire-free","https://www.linkedin.com/in/darrellstetler2/","outbound","","","NO","NOT_TESTED",""
"https://www.40daysofholiness.com/worship-video-for-pentecost-sunday-fire-free","http://facebook.com/newstartdiscipleship","outbound","","","NO","NOT_TESTED",""
"https://www.40daysofholiness.com/worship-video-for-pentecost-sunday-fire-free","http://youtube.com/darrellstetlerii","outbound","","","NO","NOT_TESTED",""
"https://www.40daysofholiness.com/worship-video-for-pentecost-sunday-fire-free","http://twitter.com/darrellstetler2","outbound","","","NO","NOT_TESTED",""
