"page_id","page_model_file","title","path","url","public_model_status"
"d7lbn","3d5cce_5556b165faede429a165ea1008adf5cb_307.json","Day 8 - Holiness has degrees","/day08","https://www.40daysofholiness.com/day08","200"
"fdyvl","3d5cce_cbc45ab06a1adf652013b02081928a13_307.json","Day 16 - an Undivided Heart","/day16","https://www.40daysofholiness.com/day16","200"
"l4ml0","3d5cce_0df00d8493353092129d910cf2de5275_307.json","Day 26 - Holiness is the Sprinkling ","/day26","https://www.40daysofholiness.com/day26","200"
"cfeeg","3d5cce_68d4c7a25a58609c654d9872facfb8ad_307.json","Day 6 - God saves people for holiness","/day06","https://www.40daysofholiness.com/day06","200"
"spfk0","3d5cce_0815cc1008a9c2384dc96b1e5d5217c8_307.json","Day 7 - God taught holiness in the OT","/day07","https://www.40daysofholiness.com/day07","200"
"v5i69","3d5cce_7c1756176c302f3c0683c2fb21a65db8_307.json"," Day 14 - Holiness is Gifted to us","/day14","https://www.40daysofholiness.com/day14","200"
"t0czr","3d5cce_f78dc19dbeee309b260c0b8637ac67fe_307.json","Pentecost Video Email Thanks","/pentecost-video-email-thanks","https://www.40daysofholiness.com/pentecost-video-email-thanks","200"
"sklp4","3d5cce_60e86d30b80ed29b04aeac1170855b88_307.json","Day 37 - Holiness & Emotions","/day37","https://www.40daysofholiness.com/day37","200"
"oytur","3d5cce_b3897eae8c93767e5a94d13626651b7b_307.json","Day 28 - Seeing the Synonyms on holiness","/day28","https://www.40daysofholiness.com/day28","200"
"vz260","3d5cce_3c195f7853afccd87ad333bb0ad2da42_307.json","Day 18 - Loving God with all your heart","/day18","https://www.40daysofholiness.com/day18","200"
"ujnwz","3d5cce_b8d833e053f512e950c2756d7915a189_307.json","Day 33 - The Life of Holiness","/day33","https://www.40daysofholiness.com/day33","200"
"kitxi","3d5cce_19d244d3e4eb23354eb911efc453b120_307.json","Day 35 -  Holiness & the Mind","/day35","https://www.40daysofholiness.com/day35","200"
"p09zg","3d5cce_3680a4fea18467e1cde2cb7472e9840c_307.json","Day 32 - Holiness as Empowerment","/day32","https://www.40daysofholiness.com/day32","200"
"u6pix","3d5cce_2326577f253bb5a33f34c189540dfb74_307.json","Day 40 - The Claws of the Lion","/day40","https://www.40daysofholiness.com/day40","200"
"j58mz","3d5cce_97ca0b4a2e2554c5cb36ba1976391bd1_307.json","Search Results","/search","https://www.40daysofholiness.com/search","200"
"hfgqr","3d5cce_92fcaf1b5550b64908b0d2f311496e16_307.json","Day 15 - Holiness is the destination","/day15","https://www.40daysofholiness.com/day15","200"
"n4tp7","3d5cce_939af392dc4a733a1a4a4f25d9f32bdc_307.json","Day 21 - Holiness is a Further Cleansing","/day21","https://www.40daysofholiness.com/day21","200"
"t4qc6","3d5cce_6e1a731094ff5d982ce7ab6cf3edb84b_307.json","Day 10 - Holiness means Purity","/day10","https://www.40daysofholiness.com/day10","200"
"lcfrl","3d5cce_e4ee183982886191e2b156ce53bc1963_307.json","New Page","/blank","https://www.40daysofholiness.com/blank","200"
"e6zct","3d5cce_2bf6d75115a38fd79ef01c64a1f9bcec_307.json","HOME","/home","https://www.40daysofholiness.com/home","200"
"vcl23","3d5cce_07b5ed8667efa56cd660d1a9c9e7bfff_307.json","Day 38 - Holiness & Emotions II","/day38","https://www.40daysofholiness.com/day38","200"
"i44ta","3d5cce_5a12f5bc0c3be648d07034d0d391eba5_307.json","Day 19 - A Juneteenth for Christians","/day19","https://www.40daysofholiness.com/day19","200"
"m9ehp","3d5cce_463028336ba3996885e7c9db7b2bb203_307.json","Worship Video for Pentecost Sunday- ","/worship-video-for-pentecost-sunday-fire-free","https://www.40daysofholiness.com/worship-video-for-pentecost-sunday-fire-free","200"
"fxch1","3d5cce_19cadf2fd91ee43a1090417148478f80_307.json","Day 12 - The Twistedness Inside","/day12","https://www.40daysofholiness.com/day12","200"
"ss29e","3d5cce_4c5ea3b101f5f5f593a7fe1ffdd92a78_307.json","Day 25 - Entire Sanctification","/day25","https://www.40daysofholiness.com/day25","200"
"fbef1","3d5cce_76d70e0326d965d9efd4ac47e6a0bd89_307.json","Pentecost Sunday Loop - Free Download","/pentecost-sunday-loop-free-download","https://www.40daysofholiness.com/pentecost-sunday-loop-free-download","200"
"zocfs","3d5cce_0c4d916b05223cc7589e667bd129c7c3_307.json","Blog","/blog","https://www.40daysofholiness.com/blog","200"
"lpjcj","3d5cce_f15a9edc47446679502c91a8ffb29b9a_307.json","Intro - 40 Days of Holiness","/welcome","https://www.40daysofholiness.com/welcome","200"
"sqv1w","3d5cce_b42d5034f5fd010c9c9bdcbf451335a9_307.json","Day 11 -  Corruption is the Enemy","/day11","https://www.40daysofholiness.com/day11","200"
"bmme7","3d5cce_50c2d662ed82a76c74e6df02b886de93_307.json","Day 2 - All Things are Holy","/day02","https://www.40daysofholiness.com/day02","200"
"wrxyy","3d5cce_e39900ec55e3f7bbfc1682cd0a8cecb2_307.json","Day 29 - Surrendering the Bad","/day29","https://www.40daysofholiness.com/day29","200"
"gvcl5","3d5cce_51ac90a4be2c81295c0839e16650c3bb_307.json","Day 5 - Jesus is The Example of Holiness","/day05","https://www.40daysofholiness.com/day05","200"
"zb6s5","3d5cce_d5a52c039f56f4edba5fb506207b3eec_307.json","Day 9 - Holiness means Separation","/day09","https://www.40daysofholiness.com/day09","200"
"rjh8q","3d5cce_abe43db076fdbb7115acb84328f6fa32_307.json","Day 4 - God wanted to make us Holy","/day04","https://www.40daysofholiness.com/day04","200"
"q6s33","3d5cce_20513593e2076c3b37f549c0fd5f068a_307.json","Fullscreen Page","/fullscreen-page","https://www.40daysofholiness.com/fullscreen-page","200"
"x1c78","3d5cce_d02bbfe00b72f9a1ab67b5de6c9b252b_307.json","Day 27 - Holiness is something to follow","/day27","https://www.40daysofholiness.com/day27","200"
"wfdme","3d5cce_e3a3739639282293e30bf06609354fe1_307.json","Day 3 - Sin Separates from Holiness","/day03","https://www.40daysofholiness.com/day03","200"
"irywg","3d5cce_9a8b159f515f82bee41ff12dff299df3_307.json","Day 22 - Being Filled with the Spirit","/day22","https://www.40daysofholiness.com/day22","200"
"mv8l5","3d5cce_3f8042b2346a60b80c3bfebb1e559fa4_307.json","Day 17 - Holiness is the Destination","/day17","https://www.40daysofholiness.com/day17","200"
"p0mbj","3d5cce_05f1e2d29222a634516bb6ed8305b658_307.json","Day 23 - Holiness is Completion","/day23","https://www.40daysofholiness.com/day23","200"
"vag17","3d5cce_97c6ab7342623c953b046e7aae3e758f_307.json","Post","/post","https://www.40daysofholiness.com/post","200"
"ee1kv","3d5cce_2e40d89806ec2ba46e9a10b1449d8076_307.json","Day 1 - God Is Holy","/day01","https://www.40daysofholiness.com/day01","200"
"u19vh","3d5cce_f7e45b9325b2130278811c73bc85c37a_307.json","Day 24 - Salvation Was, Is, and Will Be","/day24","https://www.40daysofholiness.com/day24","200"
"qzxtt","3d5cce_10dc3fcd869ed5bfc86ab0e9a02b98d6_307.json","Day 39 - Take up Your Cross Daily","/day39","https://www.40daysofholiness.com/day39","200"
"y2wou","3d5cce_15d28b2a89df662184f828aa0e1fc085_307.json","Day 20 - How to Make a Full Surrender ","/day20","https://www.40daysofholiness.com/day20","200"
"pjbe9","3d5cce_154cfbecd051bb8802b324ad585668c5_307.json","Day 30 - Holiness As Wholeness","/day30","https://www.40daysofholiness.com/day30","200"
"qinqa","3d5cce_1008be94e1d62ee6a1e239bef3926273_307.json","Day 31 - Holiness as Beholding Glory","/day31","https://www.40daysofholiness.com/day31","200"
"j8jmh","3d5cce_bef3e21e2a51858c2eac583fb9eb3492_307.json","Day 13 -  God provided holiness in Jesus","/day13","https://www.40daysofholiness.com/day13","200"
"ggey1","3d5cce_84d2e0718f2ff413e155ac398d939826_307.json","CONGRATS!","/congrats","https://www.40daysofholiness.com/congrats","200"
"hnpe9","3d5cce_dcf33454452ed8f1c7de2a02ae351b30_307.json","Day 36 - Holiness & the Will","/day36","https://www.40daysofholiness.com/day36","200"
"ctrk1","3d5cce_447c8aa74897962b32b177b19f326f15_307.json","Day 34 - Holiness in Life ","/day34","https://www.40daysofholiness.com/day34","200"
