"url","http_status","title","meta_description","canonical_url","h1","robots_directives","open_graph_metadata","social_metadata","structured_data","captured_at_utc","qa_status","notes"
"https://www.40daysofholiness.com/","200","Holiness Bible Study | 40 Days of Holiness","Pursuing Holiness is about the holiness of God, what holiness means, and how we can grow in holiness. This 40-day discipleship journey for growing Christians helps you see the beauty of God","https://www.40daysofholiness.com/","Welcome to 40 Days of Holiness!","","{""og:title"":""Holiness Bible Study | 40 Days of Holiness"",""og:description"":""Pursuing Holiness is about the holiness of God, what holiness means, and how we can grow in holiness. This 40-day discipleship journey for growing Christians helps you see the beauty of God"",""og:image"":""https://static.wixstatic.com/media/3d5cce_c466bd8efdba4be68aea75f247448aeb%7Emv2.jpg/v1/fit/w_2500,h_1330,al_c/3d5cce_c466bd8efdba4be68aea75f247448aeb%7Emv2.jpg"",""og:image:width"":""2500"",""og:image:height"":""1330"",""og:url"":""https://www.40daysofholiness.com"",""og:site_name"":""40 Days of Holiness"",""og:type"":""website""}","{""twitter:card"":""summary_large_image"",""twitter:title"":""Holiness Bible Study | 40 Days of Holiness"",""twitter:description"":""Pursuing Holiness is about the holiness of God, what holiness means, and how we can grow in holiness. This 40-day discipleship journey for growing Christians helps you see the beauty of God"",""twitter:image"":""https://static.wixstatic.com/media/3d5cce_c466bd8efdba4be68aea75f247448aeb%7Emv2.jpg/v1/fit/w_2500,h_1330,al_c/3d5cce_c466bd8efdba4be68aea75f247448aeb%7Emv2.jpg""}","{""@context"":""https://schema.org/"",""@type"":""WebSite"",""url"":""https://www.40daysofholiness.com/"",""potentialAction"":{""@type"":""SearchAction"",""target"":{""@type"":""EntryPoint"",""urlTemplate"":""https://www.40daysofholiness.com/search?q={search_term}""},""query-input"":""required name=search_term""}} | {""@context"":""https://schema.org/"",""@type"":""WebSite"",""name"":""40 Days of Holiness"",""url"":""https://www.40daysofholiness.com""}","2026-08-25T06:46:33.413Z","NOT_TESTED",""
"https://www.40daysofholiness.com/blank","200","New Page | 40 Days of Holiness","","https://www.40daysofholiness.com/blank","","","{""og:title"":""New Page | 40 Days of Holiness"",""og:image"":""https://static.wixstatic.com/media/3d5cce_c466bd8efdba4be68aea75f247448aeb%7Emv2.jpg/v1/fit/w_2500,h_1330,al_c/3d5cce_c466bd8efdba4be68aea75f247448aeb%7Emv2.jpg"",""og:image:width"":""2500"",""og:image:height"":""1330"",""og:url"":""https://www.40daysofholiness.com/blank"",""og:site_name"":""40 Days of Holiness"",""og:type"":""website""}","{""twitter:card"":""summary_large_image"",""twitter:title"":""New Page | 40 Days of Holiness"",""twitter:image"":""https://static.wixstatic.com/media/3d5cce_c466bd8efdba4be68aea75f247448aeb%7Emv2.jpg/v1/fit/w_2500,h_1330,al_c/3d5cce_c466bd8efdba4be68aea75f247448aeb%7Emv2.jpg""}","","2026-08-25T06:46:34.334Z","NOT_TESTED",""
"https://www.40daysofholiness.com/blog","200","Blog | 40 Days of Holiness","","https://www.40daysofholiness.com/blog","","","{""og:title"":""Blog | 40 Days of Holiness"",""og:image"":""https://static.wixstatic.com/media/3d5cce_c466bd8efdba4be68aea75f247448aeb%7Emv2.jpg/v1/fit/w_2500,h_1330,al_c/3d5cce_c466bd8efdba4be68aea75f247448aeb%7Emv2.jpg"",""og:image:width"":""2500"",""og:image:height"":""1330"",""og:url"":""https://www.40daysofholiness.com/blog"",""og:site_name"":""40 Days of Holiness"",""og:type"":""website""}","{""twitter:card"":""summary_large_image"",""twitter:title"":""Blog | 40 Days of Holiness"",""twitter:image"":""https://static.wixstatic.com/media/3d5cce_c466bd8efdba4be68aea75f247448aeb%7Emv2.jpg/v1/fit/w_2500,h_1330,al_c/3d5cce_c466bd8efdba4be68aea75f247448aeb%7Emv2.jpg""}","","2026-08-25T06:46:34.540Z","NOT_TESTED",""
"https://www.40daysofholiness.com/congrats","200","Congratulations!","You made it through 40 Days of Holiness!","https://www.40daysofholiness.com/congrats","Congratulations!","noindex","{""og:title"":""Congratulations!"",""og:description"":""You made it through 40 Days of Holiness!"",""og:image"":""https://static.wixstatic.com/media/3d5cce_c466bd8efdba4be68aea75f247448aeb%7Emv2.jpg/v1/fit/w_2500,h_1330,al_c/3d5cce_c466bd8efdba4be68aea75f247448aeb%7Emv2.jpg"",""og:image:width"":""2500"",""og:image:height"":""1330"",""og:url"":""https://www.40daysofholiness.com/congrats"",""og:site_name"":""40 Days of Holiness"",""og:type"":""website""}","{""twitter:card"":""summary_large_image"",""twitter:title"":""Congratulations!"",""twitter:description"":""You made it through 40 Days of Holiness!"",""twitter:image"":""https://static.wixstatic.com/media/3d5cce_c466bd8efdba4be68aea75f247448aeb%7Emv2.jpg/v1/fit/w_2500,h_1330,al_c/3d5cce_c466bd8efdba4be68aea75f247448aeb%7Emv2.jpg""}","","2026-08-25T06:46:35.205Z","NOT_TESTED",""
"https://www.40daysofholiness.com/day01","200","Day 1 - God Is Holy | 40 Days of Holiness","God alone is holy. God is the source and definition of holiness. He is above, pure, and other than everything else. His moral excellence and purity is limitless. The video resources on this page help us learn what holiness means in Scripture, and what it the holiness of God means in theology.","https://www.40daysofholiness.com/day01","Day 1 - God is Holy","","{""og:title"":""Day 1 - God Is Holy | 40 Days of Holiness"",""og:description"":""God alone is holy. God is the source and definition of holiness. He is above, pure, and other than everything else. His moral excellence and purity is limitless. The video resources on this page help us learn what holiness means in Scripture, and what it the holiness of God means in theology."",""og:image"":""https://static.wixstatic.com/media/3d5cce_c466bd8efdba4be68aea75f247448aeb%7Emv2.jpg/v1/fit/w_2500,h_1330,al_c/3d5cce_c466bd8efdba4be68aea75f247448aeb%7Emv2.jpg"",""og:image:width"":""2500"",""og:image:height"":""1330"",""og:url"":""https://www.40daysofholiness.com/day01"",""og:site_name"":""40 Days of Holiness"",""og:type"":""website""}","{""twitter:card"":""summary_large_image"",""twitter:title"":""Day 1 - God Is Holy | 40 Days of Holiness"",""twitter:description"":""God alone is holy. God is the source and definition of holiness. He is above, pure, and other than everything else. His moral excellence and purity is limitless. The video resources on this page help us learn what holiness means in Scripture, and what it the holiness of God means in theology."",""twitter:image"":""https://static.wixstatic.com/media/3d5cce_c466bd8efdba4be68aea75f247448aeb%7Emv2.jpg/v1/fit/w_2500,h_1330,al_c/3d5cce_c466bd8efdba4be68aea75f247448aeb%7Emv2.jpg""}","","2026-08-25T06:46:35.348Z","NOT_TESTED",""
"https://www.40daysofholiness.com/day02","200","Day 2 - All Things are Holy only as related to God | 40 Days of Holiness","The holiness of God is the only true source of holiness in the universe. God is the definition of holiness, and everything and everyone else can only be holy as they are connected to God.","https://www.40daysofholiness.com/day02","Day 2 - All Holiness comes from God","","{""og:title"":""Day 2 - All Things are Holy only as related to God | 40 Days of Holiness"",""og:description"":""The holiness of God is the only true source of holiness in the universe. God is the definition of holiness, and everything and everyone else can only be holy as they are connected to God."",""og:image"":""https://static.wixstatic.com/media/3d5cce_c466bd8efdba4be68aea75f247448aeb%7Emv2.jpg/v1/fit/w_2500,h_1330,al_c/3d5cce_c466bd8efdba4be68aea75f247448aeb%7Emv2.jpg"",""og:image:width"":""2500"",""og:image:height"":""1330"",""og:url"":""https://www.40daysofholiness.com/day02"",""og:site_name"":""40 Days of Holiness"",""og:type"":""website""}","{""twitter:card"":""summary_large_image"",""twitter:title"":""Day 2 - All Things are Holy only as related to God | 40 Days of Holiness"",""twitter:description"":""The holiness of God is the only true source of holiness in the universe. God is the definition of holiness, and everything and everyone else can only be holy as they are connected to God."",""twitter:image"":""https://static.wixstatic.com/media/3d5cce_c466bd8efdba4be68aea75f247448aeb%7Emv2.jpg/v1/fit/w_2500,h_1330,al_c/3d5cce_c466bd8efdba4be68aea75f247448aeb%7Emv2.jpg""}","","2026-08-25T06:46:35.923Z","NOT_TESTED",""
"https://www.40daysofholiness.com/day03","200","Day 3 - Sin Separates from Holiness | 40 Days of Holiness","If we are to pursue holiness and being holy like God is holy, we must recognize that sin separates us from God","https://www.40daysofholiness.com/day03","Day 3 - Sin Separates from Holiness","","{""og:title"":""Day 3 - Sin Separates from Holiness | 40 Days of Holiness"",""og:description"":""If we are to pursue holiness and being holy like God is holy, we must recognize that sin separates us from God"",""og:image"":""https://static.wixstatic.com/media/3d5cce_c466bd8efdba4be68aea75f247448aeb%7Emv2.jpg/v1/fit/w_2500,h_1330,al_c/3d5cce_c466bd8efdba4be68aea75f247448aeb%7Emv2.jpg"",""og:image:width"":""2500"",""og:image:height"":""1330"",""og:url"":""https://www.40daysofholiness.com/day03"",""og:site_name"":""40 Days of Holiness"",""og:type"":""website""}","{""twitter:card"":""summary_large_image"",""twitter:title"":""Day 3 - Sin Separates from Holiness | 40 Days of Holiness"",""twitter:description"":""If we are to pursue holiness and being holy like God is holy, we must recognize that sin separates us from God"",""twitter:image"":""https://static.wixstatic.com/media/3d5cce_c466bd8efdba4be68aea75f247448aeb%7Emv2.jpg/v1/fit/w_2500,h_1330,al_c/3d5cce_c466bd8efdba4be68aea75f247448aeb%7Emv2.jpg""}","","2026-08-25T06:46:36.039Z","NOT_TESTED",""
"https://www.40daysofholiness.com/day04","200","Day 4 - God Planned to Make us Holy | 40 Days of Holiness","If you","https://www.40daysofholiness.com/day04","Day 4 - God Wanted to Make Us Holy","","{""og:title"":""Day 4 - God Planned to Make us Holy | 40 Days of Holiness"",""og:description"":""If you"",""og:image"":""https://static.wixstatic.com/media/3d5cce_c466bd8efdba4be68aea75f247448aeb%7Emv2.jpg/v1/fit/w_2500,h_1330,al_c/3d5cce_c466bd8efdba4be68aea75f247448aeb%7Emv2.jpg"",""og:image:width"":""2500"",""og:image:height"":""1330"",""og:url"":""https://www.40daysofholiness.com/day04"",""og:site_name"":""40 Days of Holiness"",""og:type"":""website""}","{""twitter:card"":""summary_large_image"",""twitter:title"":""Day 4 - God Planned to Make us Holy | 40 Days of Holiness"",""twitter:description"":""If you"",""twitter:image"":""https://static.wixstatic.com/media/3d5cce_c466bd8efdba4be68aea75f247448aeb%7Emv2.jpg/v1/fit/w_2500,h_1330,al_c/3d5cce_c466bd8efdba4be68aea75f247448aeb%7Emv2.jpg""}","","2026-08-25T06:46:36.534Z","NOT_TESTED",""
"https://www.40daysofholiness.com/day05","200","Day 3 - Jesus is The Perfect Example of Holiness | 40 Days of Holiness","Jesus Christ is the walking, living definition of holiness in human form. You can","https://www.40daysofholiness.com/day05","Day 5 - Jesus is an Example of Human Holiness","","{""og:title"":""Day 3 - Jesus is The Perfect Example of Holiness | 40 Days of Holiness"",""og:description"":""Jesus Christ is the walking, living definition of holiness in human form. You can"",""og:image"":""https://static.wixstatic.com/media/3d5cce_c466bd8efdba4be68aea75f247448aeb%7Emv2.jpg/v1/fit/w_2500,h_1330,al_c/3d5cce_c466bd8efdba4be68aea75f247448aeb%7Emv2.jpg"",""og:image:width"":""2500"",""og:image:height"":""1330"",""og:url"":""https://www.40daysofholiness.com/day05"",""og:site_name"":""40 Days of Holiness"",""og:type"":""website""}","{""twitter:card"":""summary_large_image"",""twitter:title"":""Day 3 - Jesus is The Perfect Example of Holiness | 40 Days of Holiness"",""twitter:description"":""Jesus Christ is the walking, living definition of holiness in human form. You can"",""twitter:image"":""https://static.wixstatic.com/media/3d5cce_c466bd8efdba4be68aea75f247448aeb%7Emv2.jpg/v1/fit/w_2500,h_1330,al_c/3d5cce_c466bd8efdba4be68aea75f247448aeb%7Emv2.jpg""}","","2026-08-25T06:46:36.668Z","NOT_TESTED",""
"https://www.40daysofholiness.com/day06","200","Day 6 - God saves his people for holiness. | 40 Days of Holiness","The Exodus comes before the Covenant of Holiness. God delivers his people from slavery by his grace and power, then makes his covenant of holiness with them afterwards. This Bible study on holiness and sanctification helps us to understand that all of salvation and holiness is by grace and through faith.","https://www.40daysofholiness.com/day06","Day 6 - God saves His People for Holiness.","","{""og:title"":""Day 6 - God saves his people for holiness. | 40 Days of Holiness"",""og:description"":""The Exodus comes before the Covenant of Holiness. God delivers his people from slavery by his grace and power, then makes his covenant of holiness with them afterwards. This Bible study on holiness and sanctification helps us to understand that all of salvation and holiness is by grace and through faith."",""og:image"":""https://static.wixstatic.com/media/3d5cce_c466bd8efdba4be68aea75f247448aeb%7Emv2.jpg/v1/fit/w_2500,h_1330,al_c/3d5cce_c466bd8efdba4be68aea75f247448aeb%7Emv2.jpg"",""og:image:width"":""2500"",""og:image:height"":""1330"",""og:url"":""https://www.40daysofholiness.com/day06"",""og:site_name"":""40 Days of Holiness"",""og:type"":""website""}","{""twitter:card"":""summary_large_image"",""twitter:title"":""Day 6 - God saves his people for holiness. | 40 Days of Holiness"",""twitter:description"":""The Exodus comes before the Covenant of Holiness. God delivers his people from slavery by his grace and power, then makes his covenant of holiness with them afterwards. This Bible study on holiness and sanctification helps us to understand that all of salvation and holiness is by grace and through faith."",""twitter:image"":""https://static.wixstatic.com/media/3d5cce_c466bd8efdba4be68aea75f247448aeb%7Emv2.jpg/v1/fit/w_2500,h_1330,al_c/3d5cce_c466bd8efdba4be68aea75f247448aeb%7Emv2.jpg""}","","2026-08-25T06:46:37.600Z","NOT_TESTED",""
"https://www.40daysofholiness.com/day07","200","Day 7 - God taught holiness throughout the OT | 40 Days of Holiness","The book of Leviticus is a key primer on God","https://www.40daysofholiness.com/day07","Day 7 - God Taught Holiness throughout the OT","","{""og:title"":""Day 7 - God taught holiness throughout the OT | 40 Days of Holiness"",""og:description"":""The book of Leviticus is a key primer on God"",""og:image"":""https://static.wixstatic.com/media/3d5cce_c466bd8efdba4be68aea75f247448aeb%7Emv2.jpg/v1/fit/w_2500,h_1330,al_c/3d5cce_c466bd8efdba4be68aea75f247448aeb%7Emv2.jpg"",""og:image:width"":""2500"",""og:image:height"":""1330"",""og:url"":""https://www.40daysofholiness.com/day07"",""og:site_name"":""40 Days of Holiness"",""og:type"":""website""}","{""twitter:card"":""summary_large_image"",""twitter:title"":""Day 7 - God taught holiness throughout the OT | 40 Days of Holiness"",""twitter:description"":""The book of Leviticus is a key primer on God"",""twitter:image"":""https://static.wixstatic.com/media/3d5cce_c466bd8efdba4be68aea75f247448aeb%7Emv2.jpg/v1/fit/w_2500,h_1330,al_c/3d5cce_c466bd8efdba4be68aea75f247448aeb%7Emv2.jpg""}","","2026-08-25T06:46:38.143Z","NOT_TESTED",""
"https://www.40daysofholiness.com/day08","200","Day 8 - Holiness has degrees | 40 Days of Holiness","Welcome to 40 Days of Holiness! Today we","https://www.40daysofholiness.com/day08","Day 8 - Holiness has Degrees","","{""og:title"":""Day 8 - Holiness has degrees | 40 Days of Holiness"",""og:description"":""Welcome to 40 Days of Holiness! Today we"",""og:image"":""https://static.wixstatic.com/media/3d5cce_c466bd8efdba4be68aea75f247448aeb%7Emv2.jpg/v1/fit/w_2500,h_1330,al_c/3d5cce_c466bd8efdba4be68aea75f247448aeb%7Emv2.jpg"",""og:image:width"":""2500"",""og:image:height"":""1330"",""og:url"":""https://www.40daysofholiness.com/day08"",""og:site_name"":""40 Days of Holiness"",""og:type"":""website""}","{""twitter:card"":""summary_large_image"",""twitter:title"":""Day 8 - Holiness has degrees | 40 Days of Holiness"",""twitter:description"":""Welcome to 40 Days of Holiness! Today we"",""twitter:image"":""https://static.wixstatic.com/media/3d5cce_c466bd8efdba4be68aea75f247448aeb%7Emv2.jpg/v1/fit/w_2500,h_1330,al_c/3d5cce_c466bd8efdba4be68aea75f247448aeb%7Emv2.jpg""}","","2026-08-25T06:46:38.232Z","NOT_TESTED",""
"https://www.40daysofholiness.com/day09","200","Day 9 - Holiness means Separation | 40 Days of Holiness","Today","https://www.40daysofholiness.com/day09","Day 9 - Holiness means Separation from the Common or Ordinary","","{""og:title"":""Day 9 - Holiness means Separation | 40 Days of Holiness"",""og:description"":""Today"",""og:image"":""https://static.wixstatic.com/media/3d5cce_c466bd8efdba4be68aea75f247448aeb%7Emv2.jpg/v1/fit/w_2500,h_1330,al_c/3d5cce_c466bd8efdba4be68aea75f247448aeb%7Emv2.jpg"",""og:image:width"":""2500"",""og:image:height"":""1330"",""og:url"":""https://www.40daysofholiness.com/day09"",""og:site_name"":""40 Days of Holiness"",""og:type"":""website""}","{""twitter:card"":""summary_large_image"",""twitter:title"":""Day 9 - Holiness means Separation | 40 Days of Holiness"",""twitter:description"":""Today"",""twitter:image"":""https://static.wixstatic.com/media/3d5cce_c466bd8efdba4be68aea75f247448aeb%7Emv2.jpg/v1/fit/w_2500,h_1330,al_c/3d5cce_c466bd8efdba4be68aea75f247448aeb%7Emv2.jpg""}","","2026-08-25T06:46:38.336Z","NOT_TESTED",""
"https://www.40daysofholiness.com/day10","200","day-10-Holiness-means-purity-from-corruption | 40 Days of Holiness","Today we will define holiness. Holiness in Scripture is purity from moral corruption, as a reflection of the purity of God","https://www.40daysofholiness.com/day10","Day 10 - Holiness means Purity from Corruption","","{""og:title"":""day-10-Holiness-means-purity-from-corruption | 40 Days of Holiness"",""og:description"":""Today we will define holiness. Holiness in Scripture is purity from moral corruption, as a reflection of the purity of God"",""og:image"":""https://static.wixstatic.com/media/3d5cce_c466bd8efdba4be68aea75f247448aeb%7Emv2.jpg/v1/fit/w_2500,h_1330,al_c/3d5cce_c466bd8efdba4be68aea75f247448aeb%7Emv2.jpg"",""og:image:width"":""2500"",""og:image:height"":""1330"",""og:url"":""https://www.40daysofholiness.com/day10"",""og:site_name"":""40 Days of Holiness"",""og:type"":""website""}","{""twitter:card"":""summary_large_image"",""twitter:title"":""day-10-Holiness-means-purity-from-corruption | 40 Days of Holiness"",""twitter:description"":""Today we will define holiness. Holiness in Scripture is purity from moral corruption, as a reflection of the purity of God"",""twitter:image"":""https://static.wixstatic.com/media/3d5cce_c466bd8efdba4be68aea75f247448aeb%7Emv2.jpg/v1/fit/w_2500,h_1330,al_c/3d5cce_c466bd8efdba4be68aea75f247448aeb%7Emv2.jpg""}","","2026-08-25T06:46:39.430Z","NOT_TESTED",""
"https://www.40daysofholiness.com/day11","200","day-11- corruption of the human heart is the enemy | 40 Days of Holiness","Today we","https://www.40daysofholiness.com/day11","Day 11 - Corruption of the Heart is the Enemy of Holiness","","{""og:title"":""day-11- corruption of the human heart is the enemy | 40 Days of Holiness"",""og:description"":""Today we"",""og:image"":""https://static.wixstatic.com/media/3d5cce_c466bd8efdba4be68aea75f247448aeb%7Emv2.jpg/v1/fit/w_2500,h_1330,al_c/3d5cce_c466bd8efdba4be68aea75f247448aeb%7Emv2.jpg"",""og:image:width"":""2500"",""og:image:height"":""1330"",""og:url"":""https://www.40daysofholiness.com/day11"",""og:site_name"":""40 Days of Holiness"",""og:type"":""website""}","{""twitter:card"":""summary_large_image"",""twitter:title"":""day-11- corruption of the human heart is the enemy | 40 Days of Holiness"",""twitter:description"":""Today we"",""twitter:image"":""https://static.wixstatic.com/media/3d5cce_c466bd8efdba4be68aea75f247448aeb%7Emv2.jpg/v1/fit/w_2500,h_1330,al_c/3d5cce_c466bd8efdba4be68aea75f247448aeb%7Emv2.jpg""}","","2026-08-25T06:46:40.427Z","NOT_TESTED",""
"https://www.40daysofholiness.com/day12","200","day-12- The Twistedness Inside | 40 Days of Holiness","Darrell Stetler II teaches on the topic of God","https://www.40daysofholiness.com/day12","Day 12 - The Twistedness Inside","","{""og:title"":""day-12- The Twistedness Inside | 40 Days of Holiness"",""og:description"":""Darrell Stetler II teaches on the topic of God"",""og:image"":""https://static.wixstatic.com/media/3d5cce_c466bd8efdba4be68aea75f247448aeb%7Emv2.jpg/v1/fit/w_2500,h_1330,al_c/3d5cce_c466bd8efdba4be68aea75f247448aeb%7Emv2.jpg"",""og:image:width"":""2500"",""og:image:height"":""1330"",""og:url"":""https://www.40daysofholiness.com/day12"",""og:site_name"":""40 Days of Holiness"",""og:type"":""website""}","{""twitter:card"":""summary_large_image"",""twitter:title"":""day-12- The Twistedness Inside | 40 Days of Holiness"",""twitter:description"":""Darrell Stetler II teaches on the topic of God"",""twitter:image"":""https://static.wixstatic.com/media/3d5cce_c466bd8efdba4be68aea75f247448aeb%7Emv2.jpg/v1/fit/w_2500,h_1330,al_c/3d5cce_c466bd8efdba4be68aea75f247448aeb%7Emv2.jpg""}","","2026-08-25T06:46:40.954Z","NOT_TESTED",""
"https://www.40daysofholiness.com/day13","200","day-13 - God provided holiness in Jesus | 40 Days of Holiness","Darrell Stetler II teaches on the topic of God","https://www.40daysofholiness.com/day13","Day 13 - God provided Holiness in Jesus","","{""og:title"":""day-13 - God provided holiness in Jesus | 40 Days of Holiness"",""og:description"":""Darrell Stetler II teaches on the topic of God"",""og:image"":""https://static.wixstatic.com/media/3d5cce_c466bd8efdba4be68aea75f247448aeb%7Emv2.jpg/v1/fit/w_2500,h_1330,al_c/3d5cce_c466bd8efdba4be68aea75f247448aeb%7Emv2.jpg"",""og:image:width"":""2500"",""og:image:height"":""1330"",""og:url"":""https://www.40daysofholiness.com/day13"",""og:site_name"":""40 Days of Holiness"",""og:type"":""website""}","{""twitter:card"":""summary_large_image"",""twitter:title"":""day-13 - God provided holiness in Jesus | 40 Days of Holiness"",""twitter:description"":""Darrell Stetler II teaches on the topic of God"",""twitter:image"":""https://static.wixstatic.com/media/3d5cce_c466bd8efdba4be68aea75f247448aeb%7Emv2.jpg/v1/fit/w_2500,h_1330,al_c/3d5cce_c466bd8efdba4be68aea75f247448aeb%7Emv2.jpg""}","","2026-08-25T06:46:41.058Z","NOT_TESTED",""
"https://www.40daysofholiness.com/day14","200","day-14 - Holiness is Gifted to us at the New Birth | 40 Days of Holiness","Darrell Stetler II teaches on the topic of God","https://www.40daysofholiness.com/day14","Day 14 - Holiness is given to Us at the New Birth","","{""og:title"":""day-14 - Holiness is Gifted to us at the New Birth | 40 Days of Holiness"",""og:description"":""Darrell Stetler II teaches on the topic of God"",""og:image"":""https://static.wixstatic.com/media/3d5cce_c466bd8efdba4be68aea75f247448aeb%7Emv2.jpg/v1/fit/w_2500,h_1330,al_c/3d5cce_c466bd8efdba4be68aea75f247448aeb%7Emv2.jpg"",""og:image:width"":""2500"",""og:image:height"":""1330"",""og:url"":""https://www.40daysofholiness.com/day14"",""og:site_name"":""40 Days of Holiness"",""og:type"":""website""}","{""twitter:card"":""summary_large_image"",""twitter:title"":""day-14 - Holiness is Gifted to us at the New Birth | 40 Days of Holiness"",""twitter:description"":""Darrell Stetler II teaches on the topic of God"",""twitter:image"":""https://static.wixstatic.com/media/3d5cce_c466bd8efdba4be68aea75f247448aeb%7Emv2.jpg/v1/fit/w_2500,h_1330,al_c/3d5cce_c466bd8efdba4be68aea75f247448aeb%7Emv2.jpg""}","","2026-08-25T06:46:43.719Z","NOT_TESTED",""
"https://www.40daysofholiness.com/day15","200","day-15 - Possibility Glasses | 40 Days of Holiness","Darrell Stetler II teaches on the topic of God","https://www.40daysofholiness.com/day15","Day 15 - Possibility Glasses","","{""og:title"":""day-15 - Possibility Glasses | 40 Days of Holiness"",""og:description"":""Darrell Stetler II teaches on the topic of God"",""og:image"":""https://static.wixstatic.com/media/3d5cce_c466bd8efdba4be68aea75f247448aeb%7Emv2.jpg/v1/fit/w_2500,h_1330,al_c/3d5cce_c466bd8efdba4be68aea75f247448aeb%7Emv2.jpg"",""og:image:width"":""2500"",""og:image:height"":""1330"",""og:url"":""https://www.40daysofholiness.com/day15"",""og:site_name"":""40 Days of Holiness"",""og:type"":""website""}","{""twitter:card"":""summary_large_image"",""twitter:title"":""day-15 - Possibility Glasses | 40 Days of Holiness"",""twitter:description"":""Darrell Stetler II teaches on the topic of God"",""twitter:image"":""https://static.wixstatic.com/media/3d5cce_c466bd8efdba4be68aea75f247448aeb%7Emv2.jpg/v1/fit/w_2500,h_1330,al_c/3d5cce_c466bd8efdba4be68aea75f247448aeb%7Emv2.jpg""}","","2026-08-25T06:46:43.839Z","NOT_TESTED",""
"https://www.40daysofholiness.com/day16","200","day-16 - an Undivided Heart | 40 Days of Holiness","Darrell Stetler II teaches on the topic of God","https://www.40daysofholiness.com/day16","Day 16 - Holiness Means Having An Undivided Heart","","{""og:title"":""day-16 - an Undivided Heart | 40 Days of Holiness"",""og:description"":""Darrell Stetler II teaches on the topic of God"",""og:image"":""https://static.wixstatic.com/media/3d5cce_c466bd8efdba4be68aea75f247448aeb%7Emv2.jpg/v1/fit/w_2500,h_1330,al_c/3d5cce_c466bd8efdba4be68aea75f247448aeb%7Emv2.jpg"",""og:image:width"":""2500"",""og:image:height"":""1330"",""og:url"":""https://www.40daysofholiness.com/day16"",""og:site_name"":""40 Days of Holiness"",""og:type"":""website""}","{""twitter:card"":""summary_large_image"",""twitter:title"":""day-16 - an Undivided Heart | 40 Days of Holiness"",""twitter:description"":""Darrell Stetler II teaches on the topic of God"",""twitter:image"":""https://static.wixstatic.com/media/3d5cce_c466bd8efdba4be68aea75f247448aeb%7Emv2.jpg/v1/fit/w_2500,h_1330,al_c/3d5cce_c466bd8efdba4be68aea75f247448aeb%7Emv2.jpg""}","","2026-08-25T06:46:44.266Z","NOT_TESTED",""
"https://www.40daysofholiness.com/day17","200","day-17 - Holiness is the Destination of the Universe | 40 Days of Holiness","Darrell Stetler II teaches on the topic of God","https://www.40daysofholiness.com/day17","Day 17 - Holiness is the Destination of the Universe","","{""og:title"":""day-17 - Holiness is the Destination of the Universe | 40 Days of Holiness"",""og:description"":""Darrell Stetler II teaches on the topic of God"",""og:image"":""https://static.wixstatic.com/media/3d5cce_c466bd8efdba4be68aea75f247448aeb%7Emv2.jpg/v1/fit/w_2500,h_1330,al_c/3d5cce_c466bd8efdba4be68aea75f247448aeb%7Emv2.jpg"",""og:image:width"":""2500"",""og:image:height"":""1330"",""og:url"":""https://www.40daysofholiness.com/day17"",""og:site_name"":""40 Days of Holiness"",""og:type"":""website""}","{""twitter:card"":""summary_large_image"",""twitter:title"":""day-17 - Holiness is the Destination of the Universe | 40 Days of Holiness"",""twitter:description"":""Darrell Stetler II teaches on the topic of God"",""twitter:image"":""https://static.wixstatic.com/media/3d5cce_c466bd8efdba4be68aea75f247448aeb%7Emv2.jpg/v1/fit/w_2500,h_1330,al_c/3d5cce_c466bd8efdba4be68aea75f247448aeb%7Emv2.jpg""}","","2026-08-25T06:46:44.931Z","NOT_TESTED",""
"https://www.40daysofholiness.com/day18","200","day-18 - Loving God with All Your Heart | 40 Days of Holiness","Darrell Stetler II teaches on the topic of God","https://www.40daysofholiness.com/day18","Day 18 -&nbsp;Loving God with All Your Heart","","{""og:title"":""day-18 - Loving God with All Your Heart | 40 Days of Holiness"",""og:description"":""Darrell Stetler II teaches on the topic of God"",""og:image"":""https://static.wixstatic.com/media/3d5cce_c466bd8efdba4be68aea75f247448aeb%7Emv2.jpg/v1/fit/w_2500,h_1330,al_c/3d5cce_c466bd8efdba4be68aea75f247448aeb%7Emv2.jpg"",""og:image:width"":""2500"",""og:image:height"":""1330"",""og:url"":""https://www.40daysofholiness.com/day18"",""og:site_name"":""40 Days of Holiness"",""og:type"":""website""}","{""twitter:card"":""summary_large_image"",""twitter:title"":""day-18 - Loving God with All Your Heart | 40 Days of Holiness"",""twitter:description"":""Darrell Stetler II teaches on the topic of God"",""twitter:image"":""https://static.wixstatic.com/media/3d5cce_c466bd8efdba4be68aea75f247448aeb%7Emv2.jpg/v1/fit/w_2500,h_1330,al_c/3d5cce_c466bd8efdba4be68aea75f247448aeb%7Emv2.jpg""}","","2026-08-25T06:46:45.696Z","NOT_TESTED",""
"https://www.40daysofholiness.com/day19","200","day-19 - A Juneteenth for Christians | 40 Days of Holiness","Darrell Stetler II teaches on the topic of God","https://www.40daysofholiness.com/day19","Day 19 -&nbsp;A Juneteenth for Christians","","{""og:title"":""day-19 - A Juneteenth for Christians | 40 Days of Holiness"",""og:description"":""Darrell Stetler II teaches on the topic of God"",""og:image"":""https://static.wixstatic.com/media/3d5cce_c466bd8efdba4be68aea75f247448aeb%7Emv2.jpg/v1/fit/w_2500,h_1330,al_c/3d5cce_c466bd8efdba4be68aea75f247448aeb%7Emv2.jpg"",""og:image:width"":""2500"",""og:image:height"":""1330"",""og:url"":""https://www.40daysofholiness.com/day19"",""og:site_name"":""40 Days of Holiness"",""og:type"":""website""}","{""twitter:card"":""summary_large_image"",""twitter:title"":""day-19 - A Juneteenth for Christians | 40 Days of Holiness"",""twitter:description"":""Darrell Stetler II teaches on the topic of God"",""twitter:image"":""https://static.wixstatic.com/media/3d5cce_c466bd8efdba4be68aea75f247448aeb%7Emv2.jpg/v1/fit/w_2500,h_1330,al_c/3d5cce_c466bd8efdba4be68aea75f247448aeb%7Emv2.jpg""}","","2026-08-25T06:46:45.795Z","NOT_TESTED",""
"https://www.40daysofholiness.com/day20","200","Day 20 - How to Make a Full Surrender | 40 Days of Holiness","Darrell Stetler II teaches on the topic of God","https://www.40daysofholiness.com/day20","Day 20 - How to Make a Full Surrender","","{""og:title"":""Day 20 - How to Make a Full Surrender | 40 Days of Holiness"",""og:description"":""Darrell Stetler II teaches on the topic of God"",""og:image"":""https://static.wixstatic.com/media/3d5cce_c466bd8efdba4be68aea75f247448aeb%7Emv2.jpg/v1/fit/w_2500,h_1330,al_c/3d5cce_c466bd8efdba4be68aea75f247448aeb%7Emv2.jpg"",""og:image:width"":""2500"",""og:image:height"":""1330"",""og:url"":""https://www.40daysofholiness.com/day20"",""og:site_name"":""40 Days of Holiness"",""og:type"":""website""}","{""twitter:card"":""summary_large_image"",""twitter:title"":""Day 20 - How to Make a Full Surrender | 40 Days of Holiness"",""twitter:description"":""Darrell Stetler II teaches on the topic of God"",""twitter:image"":""https://static.wixstatic.com/media/3d5cce_c466bd8efdba4be68aea75f247448aeb%7Emv2.jpg/v1/fit/w_2500,h_1330,al_c/3d5cce_c466bd8efdba4be68aea75f247448aeb%7Emv2.jpg""}","","2026-08-25T06:46:46.838Z","NOT_TESTED",""
"https://www.40daysofholiness.com/day21","200","Day 21 - Holiness is a Further Cleansing | 40 Days of Holiness","Darrell Stetler II teaches on the topic of God","https://www.40daysofholiness.com/day21","Day 21 - Holiness is a Further Cleansing After Salvation","","{""og:title"":""Day 21 - Holiness is a Further Cleansing | 40 Days of Holiness"",""og:description"":""Darrell Stetler II teaches on the topic of God"",""og:image"":""https://static.wixstatic.com/media/3d5cce_c466bd8efdba4be68aea75f247448aeb%7Emv2.jpg/v1/fit/w_2500,h_1330,al_c/3d5cce_c466bd8efdba4be68aea75f247448aeb%7Emv2.jpg"",""og:image:width"":""2500"",""og:image:height"":""1330"",""og:url"":""https://www.40daysofholiness.com/day21"",""og:site_name"":""40 Days of Holiness"",""og:type"":""website""}","{""twitter:card"":""summary_large_image"",""twitter:title"":""Day 21 - Holiness is a Further Cleansing | 40 Days of Holiness"",""twitter:description"":""Darrell Stetler II teaches on the topic of God"",""twitter:image"":""https://static.wixstatic.com/media/3d5cce_c466bd8efdba4be68aea75f247448aeb%7Emv2.jpg/v1/fit/w_2500,h_1330,al_c/3d5cce_c466bd8efdba4be68aea75f247448aeb%7Emv2.jpg""}","","2026-08-25T06:46:46.929Z","NOT_TESTED",""
"https://www.40daysofholiness.com/day22","200","Day 22 - Being Filled with the Holy Spirit | 40 Days of Holiness","Darrell Stetler II teaches on the topic of God","https://www.40daysofholiness.com/day22","Day 22 - Being Filled with the Holy Spirit","","{""og:title"":""Day 22 - Being Filled with the Holy Spirit | 40 Days of Holiness"",""og:description"":""Darrell Stetler II teaches on the topic of God"",""og:image"":""https://static.wixstatic.com/media/3d5cce_c466bd8efdba4be68aea75f247448aeb%7Emv2.jpg/v1/fit/w_2500,h_1330,al_c/3d5cce_c466bd8efdba4be68aea75f247448aeb%7Emv2.jpg"",""og:image:width"":""2500"",""og:image:height"":""1330"",""og:url"":""https://www.40daysofholiness.com/day22"",""og:site_name"":""40 Days of Holiness"",""og:type"":""website""}","{""twitter:card"":""summary_large_image"",""twitter:title"":""Day 22 - Being Filled with the Holy Spirit | 40 Days of Holiness"",""twitter:description"":""Darrell Stetler II teaches on the topic of God"",""twitter:image"":""https://static.wixstatic.com/media/3d5cce_c466bd8efdba4be68aea75f247448aeb%7Emv2.jpg/v1/fit/w_2500,h_1330,al_c/3d5cce_c466bd8efdba4be68aea75f247448aeb%7Emv2.jpg""}","","2026-08-25T06:46:47.049Z","NOT_TESTED",""
"https://www.40daysofholiness.com/day23","200","Day 23 - Bringing Holiness to Perfection | 40 Days of Holiness","Darrell Stetler II teaches on the topic of God","https://www.40daysofholiness.com/day23","Day 23 - Holiness is Able to be Perfected or Completed","","{""og:title"":""Day 23 - Bringing Holiness to Perfection | 40 Days of Holiness"",""og:description"":""Darrell Stetler II teaches on the topic of God"",""og:image"":""https://static.wixstatic.com/media/3d5cce_c466bd8efdba4be68aea75f247448aeb%7Emv2.jpg/v1/fit/w_2500,h_1330,al_c/3d5cce_c466bd8efdba4be68aea75f247448aeb%7Emv2.jpg"",""og:image:width"":""2500"",""og:image:height"":""1330"",""og:url"":""https://www.40daysofholiness.com/day23"",""og:site_name"":""40 Days of Holiness"",""og:type"":""website""}","{""twitter:card"":""summary_large_image"",""twitter:title"":""Day 23 - Bringing Holiness to Perfection | 40 Days of Holiness"",""twitter:description"":""Darrell Stetler II teaches on the topic of God"",""twitter:image"":""https://static.wixstatic.com/media/3d5cce_c466bd8efdba4be68aea75f247448aeb%7Emv2.jpg/v1/fit/w_2500,h_1330,al_c/3d5cce_c466bd8efdba4be68aea75f247448aeb%7Emv2.jpg""}","","2026-08-25T06:46:47.138Z","NOT_TESTED",""
"https://www.40daysofholiness.com/day24","200","Day 24 - Salvation Was, Is, and Will Be| 40 Days of Holiness","Darrell Stetler II teaches on the topic of God","https://www.40daysofholiness.com/day24","Day 24 - Salvation Was, Is, and Will Be","","{""og:title"":""Day 24 - Salvation Was, Is, and Will Be| 40 Days of Holiness"",""og:description"":""Darrell Stetler II teaches on the topic of God"",""og:image"":""https://static.wixstatic.com/media/3d5cce_c466bd8efdba4be68aea75f247448aeb%7Emv2.jpg/v1/fit/w_2500,h_1330,al_c/3d5cce_c466bd8efdba4be68aea75f247448aeb%7Emv2.jpg"",""og:image:width"":""2500"",""og:image:height"":""1330"",""og:url"":""https://www.40daysofholiness.com/day24"",""og:site_name"":""40 Days of Holiness"",""og:type"":""website""}","{""twitter:card"":""summary_large_image"",""twitter:title"":""Day 24 - Salvation Was, Is, and Will Be| 40 Days of Holiness"",""twitter:description"":""Darrell Stetler II teaches on the topic of God"",""twitter:image"":""https://static.wixstatic.com/media/3d5cce_c466bd8efdba4be68aea75f247448aeb%7Emv2.jpg/v1/fit/w_2500,h_1330,al_c/3d5cce_c466bd8efdba4be68aea75f247448aeb%7Emv2.jpg""}","","2026-08-25T06:46:47.232Z","NOT_TESTED",""
"https://www.40daysofholiness.com/day25","200","Day 25 - Entire Sanctification | 40 Days of Holiness","Darrell Stetler II teaches on the topic of God","https://www.40daysofholiness.com/day25","Day 25 - Entire Sanctification","","{""og:title"":""Day 25 - Entire Sanctification | 40 Days of Holiness"",""og:description"":""Darrell Stetler II teaches on the topic of God"",""og:image"":""https://static.wixstatic.com/media/3d5cce_c466bd8efdba4be68aea75f247448aeb%7Emv2.jpg/v1/fit/w_2500,h_1330,al_c/3d5cce_c466bd8efdba4be68aea75f247448aeb%7Emv2.jpg"",""og:image:width"":""2500"",""og:image:height"":""1330"",""og:url"":""https://www.40daysofholiness.com/day25"",""og:site_name"":""40 Days of Holiness"",""og:type"":""website""}","{""twitter:card"":""summary_large_image"",""twitter:title"":""Day 25 - Entire Sanctification | 40 Days of Holiness"",""twitter:description"":""Darrell Stetler II teaches on the topic of God"",""twitter:image"":""https://static.wixstatic.com/media/3d5cce_c466bd8efdba4be68aea75f247448aeb%7Emv2.jpg/v1/fit/w_2500,h_1330,al_c/3d5cce_c466bd8efdba4be68aea75f247448aeb%7Emv2.jpg""}","","2026-08-25T06:46:47.354Z","NOT_TESTED",""
"https://www.40daysofholiness.com/day26","200","Day 26 - Holiness is the Sprinkling that Cleanses | 40 Days of Holiness","Darrell Stetler II teaches on the topic of God","https://www.40daysofholiness.com/day26","Holiness is the Sprinkling that Cleanses From Idols","","{""og:title"":""Day 26 - Holiness is the Sprinkling that Cleanses | 40 Days of Holiness"",""og:description"":""Darrell Stetler II teaches on the topic of God"",""og:image"":""https://static.wixstatic.com/media/3d5cce_c466bd8efdba4be68aea75f247448aeb%7Emv2.jpg/v1/fit/w_2500,h_1330,al_c/3d5cce_c466bd8efdba4be68aea75f247448aeb%7Emv2.jpg"",""og:image:width"":""2500"",""og:image:height"":""1330"",""og:url"":""https://www.40daysofholiness.com/day26"",""og:site_name"":""40 Days of Holiness"",""og:type"":""website""}","{""twitter:card"":""summary_large_image"",""twitter:title"":""Day 26 - Holiness is the Sprinkling that Cleanses | 40 Days of Holiness"",""twitter:description"":""Darrell Stetler II teaches on the topic of God"",""twitter:image"":""https://static.wixstatic.com/media/3d5cce_c466bd8efdba4be68aea75f247448aeb%7Emv2.jpg/v1/fit/w_2500,h_1330,al_c/3d5cce_c466bd8efdba4be68aea75f247448aeb%7Emv2.jpg""}","","2026-08-25T06:46:47.799Z","NOT_TESTED",""
"https://www.40daysofholiness.com/day27","200","Day 27 - Holiness is something to follow | 40 Days of Holiness","Darrell Stetler II teaches on the topic of God","https://www.40daysofholiness.com/day27","Day 27 - Holiness is something to follow","","{""og:title"":""Day 27 - Holiness is something to follow | 40 Days of Holiness"",""og:description"":""Darrell Stetler II teaches on the topic of God"",""og:image"":""https://static.wixstatic.com/media/3d5cce_c466bd8efdba4be68aea75f247448aeb%7Emv2.jpg/v1/fit/w_2500,h_1330,al_c/3d5cce_c466bd8efdba4be68aea75f247448aeb%7Emv2.jpg"",""og:image:width"":""2500"",""og:image:height"":""1330"",""og:url"":""https://www.40daysofholiness.com/day27"",""og:site_name"":""40 Days of Holiness"",""og:type"":""website""}","{""twitter:card"":""summary_large_image"",""twitter:title"":""Day 27 - Holiness is something to follow | 40 Days of Holiness"",""twitter:description"":""Darrell Stetler II teaches on the topic of God"",""twitter:image"":""https://static.wixstatic.com/media/3d5cce_c466bd8efdba4be68aea75f247448aeb%7Emv2.jpg/v1/fit/w_2500,h_1330,al_c/3d5cce_c466bd8efdba4be68aea75f247448aeb%7Emv2.jpg""}","","2026-08-25T06:46:47.889Z","NOT_TESTED",""
"https://www.40daysofholiness.com/day28","200","Day 28 - Collecting the Metaphors on holiness | 40 Days of Holiness","Darrell Stetler II teaches on the topic of God","https://www.40daysofholiness.com/day28","Day 28 - Collecting the Metaphors on Holiness","","{""og:title"":""Day 28 - Collecting the Metaphors on holiness | 40 Days of Holiness"",""og:description"":""Darrell Stetler II teaches on the topic of God"",""og:image"":""https://static.wixstatic.com/media/3d5cce_c466bd8efdba4be68aea75f247448aeb%7Emv2.jpg/v1/fit/w_2500,h_1330,al_c/3d5cce_c466bd8efdba4be68aea75f247448aeb%7Emv2.jpg"",""og:image:width"":""2500"",""og:image:height"":""1330"",""og:url"":""https://www.40daysofholiness.com/day28"",""og:site_name"":""40 Days of Holiness"",""og:type"":""website""}","{""twitter:card"":""summary_large_image"",""twitter:title"":""Day 28 - Collecting the Metaphors on holiness | 40 Days of Holiness"",""twitter:description"":""Darrell Stetler II teaches on the topic of God"",""twitter:image"":""https://static.wixstatic.com/media/3d5cce_c466bd8efdba4be68aea75f247448aeb%7Emv2.jpg/v1/fit/w_2500,h_1330,al_c/3d5cce_c466bd8efdba4be68aea75f247448aeb%7Emv2.jpg""}","","2026-08-25T06:46:48.478Z","NOT_TESTED",""
"https://www.40daysofholiness.com/day29","200","Day 29 - Surrendering the Bad Vs. Surrendering the Good | 40 Days of Holiness","Darrell Stetler II teaches on the topic of God","https://www.40daysofholiness.com/day29","Day 29 - Surrendering the Bad Vs. Surrendering the Good","","{""og:title"":""Day 29 - Surrendering the Bad Vs. Surrendering the Good | 40 Days of Holiness"",""og:description"":""Darrell Stetler II teaches on the topic of God"",""og:image"":""https://static.wixstatic.com/media/3d5cce_c466bd8efdba4be68aea75f247448aeb%7Emv2.jpg/v1/fit/w_2500,h_1330,al_c/3d5cce_c466bd8efdba4be68aea75f247448aeb%7Emv2.jpg"",""og:image:width"":""2500"",""og:image:height"":""1330"",""og:url"":""https://www.40daysofholiness.com/day29"",""og:site_name"":""40 Days of Holiness"",""og:type"":""website""}","{""twitter:card"":""summary_large_image"",""twitter:title"":""Day 29 - Surrendering the Bad Vs. Surrendering the Good | 40 Days of Holiness"",""twitter:description"":""Darrell Stetler II teaches on the topic of God"",""twitter:image"":""https://static.wixstatic.com/media/3d5cce_c466bd8efdba4be68aea75f247448aeb%7Emv2.jpg/v1/fit/w_2500,h_1330,al_c/3d5cce_c466bd8efdba4be68aea75f247448aeb%7Emv2.jpg""}","","2026-08-25T06:46:48.574Z","NOT_TESTED",""
"https://www.40daysofholiness.com/day30","200","Day 30 - Holiness As Wholeness | 40 Days of Holiness","Darrell Stetler II teaches on the topic of God","https://www.40daysofholiness.com/day30","Day 30 - Holiness As Wholeness","","{""og:title"":""Day 30 - Holiness As Wholeness | 40 Days of Holiness"",""og:description"":""Darrell Stetler II teaches on the topic of God"",""og:image"":""https://static.wixstatic.com/media/3d5cce_c466bd8efdba4be68aea75f247448aeb%7Emv2.jpg/v1/fit/w_2500,h_1330,al_c/3d5cce_c466bd8efdba4be68aea75f247448aeb%7Emv2.jpg"",""og:image:width"":""2500"",""og:image:height"":""1330"",""og:url"":""https://www.40daysofholiness.com/day30"",""og:site_name"":""40 Days of Holiness"",""og:type"":""website""}","{""twitter:card"":""summary_large_image"",""twitter:title"":""Day 30 - Holiness As Wholeness | 40 Days of Holiness"",""twitter:description"":""Darrell Stetler II teaches on the topic of God"",""twitter:image"":""https://static.wixstatic.com/media/3d5cce_c466bd8efdba4be68aea75f247448aeb%7Emv2.jpg/v1/fit/w_2500,h_1330,al_c/3d5cce_c466bd8efdba4be68aea75f247448aeb%7Emv2.jpg""}","","2026-08-25T06:46:48.674Z","NOT_TESTED",""
"https://www.40daysofholiness.com/day31","200","Day 31 - Holiness as Beholding Glory | 40 Days of Holiness","Darrell Stetler II teaches on the topic of God","https://www.40daysofholiness.com/day31","Day 31 - Holiness as Beholding Glory","","{""og:title"":""Day 31 - Holiness as Beholding Glory | 40 Days of Holiness"",""og:description"":""Darrell Stetler II teaches on the topic of God"",""og:image"":""https://static.wixstatic.com/media/3d5cce_c466bd8efdba4be68aea75f247448aeb%7Emv2.jpg/v1/fit/w_2500,h_1330,al_c/3d5cce_c466bd8efdba4be68aea75f247448aeb%7Emv2.jpg"",""og:image:width"":""2500"",""og:image:height"":""1330"",""og:url"":""https://www.40daysofholiness.com/day31"",""og:site_name"":""40 Days of Holiness"",""og:type"":""website""}","{""twitter:card"":""summary_large_image"",""twitter:title"":""Day 31 - Holiness as Beholding Glory | 40 Days of Holiness"",""twitter:description"":""Darrell Stetler II teaches on the topic of God"",""twitter:image"":""https://static.wixstatic.com/media/3d5cce_c466bd8efdba4be68aea75f247448aeb%7Emv2.jpg/v1/fit/w_2500,h_1330,al_c/3d5cce_c466bd8efdba4be68aea75f247448aeb%7Emv2.jpg""}","","2026-08-25T06:46:49.535Z","NOT_TESTED",""
"https://www.40daysofholiness.com/day32","200","Day 32 - Holiness as Empowerment | 40 Days of Holiness","Darrell Stetler II teaches on the topic of God","https://www.40daysofholiness.com/day32","Day 32 - Holiness as Empowerment","","{""og:title"":""Day 32 - Holiness as Empowerment | 40 Days of Holiness"",""og:description"":""Darrell Stetler II teaches on the topic of God"",""og:image"":""https://static.wixstatic.com/media/3d5cce_c466bd8efdba4be68aea75f247448aeb%7Emv2.jpg/v1/fit/w_2500,h_1330,al_c/3d5cce_c466bd8efdba4be68aea75f247448aeb%7Emv2.jpg"",""og:image:width"":""2500"",""og:image:height"":""1330"",""og:url"":""https://www.40daysofholiness.com/day32"",""og:site_name"":""40 Days of Holiness"",""og:type"":""website""}","{""twitter:card"":""summary_large_image"",""twitter:title"":""Day 32 - Holiness as Empowerment | 40 Days of Holiness"",""twitter:description"":""Darrell Stetler II teaches on the topic of God"",""twitter:image"":""https://static.wixstatic.com/media/3d5cce_c466bd8efdba4be68aea75f247448aeb%7Emv2.jpg/v1/fit/w_2500,h_1330,al_c/3d5cce_c466bd8efdba4be68aea75f247448aeb%7Emv2.jpg""}","","2026-08-25T06:46:50.226Z","NOT_TESTED",""
"https://www.40daysofholiness.com/day33","200","Day 33 - The Life of Holiness | 40 Days of Holiness","Darrell Stetler II teaches on the topic of God","https://www.40daysofholiness.com/day33","Day 33 - The Life of Holiness","","{""og:title"":""Day 33 - The Life of Holiness | 40 Days of Holiness"",""og:description"":""Darrell Stetler II teaches on the topic of God"",""og:image"":""https://static.wixstatic.com/media/3d5cce_c466bd8efdba4be68aea75f247448aeb%7Emv2.jpg/v1/fit/w_2500,h_1330,al_c/3d5cce_c466bd8efdba4be68aea75f247448aeb%7Emv2.jpg"",""og:image:width"":""2500"",""og:image:height"":""1330"",""og:url"":""https://www.40daysofholiness.com/day33"",""og:site_name"":""40 Days of Holiness"",""og:type"":""website""}","{""twitter:card"":""summary_large_image"",""twitter:title"":""Day 33 - The Life of Holiness | 40 Days of Holiness"",""twitter:description"":""Darrell Stetler II teaches on the topic of God"",""twitter:image"":""https://static.wixstatic.com/media/3d5cce_c466bd8efdba4be68aea75f247448aeb%7Emv2.jpg/v1/fit/w_2500,h_1330,al_c/3d5cce_c466bd8efdba4be68aea75f247448aeb%7Emv2.jpg""}","","2026-08-25T06:46:50.896Z","NOT_TESTED",""
"https://www.40daysofholiness.com/day34","200","Day 34 - Holiness in Life | 40 Days of Holiness","Darrell Stetler II teaches on the topic of God","https://www.40daysofholiness.com/day34","Day 34 - Holiness in Life","","{""og:title"":""Day 34 - Holiness in Life | 40 Days of Holiness"",""og:description"":""Darrell Stetler II teaches on the topic of God"",""og:image"":""https://static.wixstatic.com/media/3d5cce_c466bd8efdba4be68aea75f247448aeb%7Emv2.jpg/v1/fit/w_2500,h_1330,al_c/3d5cce_c466bd8efdba4be68aea75f247448aeb%7Emv2.jpg"",""og:image:width"":""2500"",""og:image:height"":""1330"",""og:url"":""https://www.40daysofholiness.com/day34"",""og:site_name"":""40 Days of Holiness"",""og:type"":""website""}","{""twitter:card"":""summary_large_image"",""twitter:title"":""Day 34 - Holiness in Life | 40 Days of Holiness"",""twitter:description"":""Darrell Stetler II teaches on the topic of God"",""twitter:image"":""https://static.wixstatic.com/media/3d5cce_c466bd8efdba4be68aea75f247448aeb%7Emv2.jpg/v1/fit/w_2500,h_1330,al_c/3d5cce_c466bd8efdba4be68aea75f247448aeb%7Emv2.jpg""}","","2026-08-25T06:46:51.009Z","NOT_TESTED",""
"https://www.40daysofholiness.com/day35","200","Day 35 - Holiness in Life - Holiness & the Mind | 40 Days of Holiness","Darrell Stetler II teaches on the topic of God","https://www.40daysofholiness.com/day35","Day 35 - Holiness & the Mind","","{""og:title"":""Day 35 - Holiness in Life - Holiness & the Mind | 40 Days of Holiness"",""og:description"":""Darrell Stetler II teaches on the topic of God"",""og:image"":""https://static.wixstatic.com/media/3d5cce_c466bd8efdba4be68aea75f247448aeb%7Emv2.jpg/v1/fit/w_2500,h_1330,al_c/3d5cce_c466bd8efdba4be68aea75f247448aeb%7Emv2.jpg"",""og:image:width"":""2500"",""og:image:height"":""1330"",""og:url"":""https://www.40daysofholiness.com/day35"",""og:site_name"":""40 Days of Holiness"",""og:type"":""website""}","{""twitter:card"":""summary_large_image"",""twitter:title"":""Day 35 - Holiness in Life - Holiness & the Mind | 40 Days of Holiness"",""twitter:description"":""Darrell Stetler II teaches on the topic of God"",""twitter:image"":""https://static.wixstatic.com/media/3d5cce_c466bd8efdba4be68aea75f247448aeb%7Emv2.jpg/v1/fit/w_2500,h_1330,al_c/3d5cce_c466bd8efdba4be68aea75f247448aeb%7Emv2.jpg""}","","2026-08-25T06:46:51.107Z","NOT_TESTED",""
"https://www.40daysofholiness.com/day36","200","Day 37 - Holiness in Life - Holiness & Emotions | 40 Days of Holiness","Darrell Stetler II teaches on the topic of God","https://www.40daysofholiness.com/day36","Day 36 - Holiness in Life - Holiness & the Will","","{""og:title"":""Day 37 - Holiness in Life - Holiness & Emotions | 40 Days of Holiness"",""og:description"":""Darrell Stetler II teaches on the topic of God"",""og:image"":""https://static.wixstatic.com/media/3d5cce_c466bd8efdba4be68aea75f247448aeb%7Emv2.jpg/v1/fit/w_2500,h_1330,al_c/3d5cce_c466bd8efdba4be68aea75f247448aeb%7Emv2.jpg"",""og:image:width"":""2500"",""og:image:height"":""1330"",""og:url"":""https://www.40daysofholiness.com/day36"",""og:site_name"":""40 Days of Holiness"",""og:type"":""website""}","{""twitter:card"":""summary_large_image"",""twitter:title"":""Day 37 - Holiness in Life - Holiness & Emotions | 40 Days of Holiness"",""twitter:description"":""Darrell Stetler II teaches on the topic of God"",""twitter:image"":""https://static.wixstatic.com/media/3d5cce_c466bd8efdba4be68aea75f247448aeb%7Emv2.jpg/v1/fit/w_2500,h_1330,al_c/3d5cce_c466bd8efdba4be68aea75f247448aeb%7Emv2.jpg""}","","2026-08-25T06:46:51.203Z","NOT_TESTED",""
"https://www.40daysofholiness.com/day37","200","Day 37 - Holiness in Life - Holiness & Emotions | 40 Days of Holiness","Darrell Stetler II teaches on the topic of God","https://www.40daysofholiness.com/day37","Day 37 - Holiness in Life - Holiness & Emotions","","{""og:title"":""Day 37 - Holiness in Life - Holiness & Emotions | 40 Days of Holiness"",""og:description"":""Darrell Stetler II teaches on the topic of God"",""og:image"":""https://static.wixstatic.com/media/3d5cce_c466bd8efdba4be68aea75f247448aeb%7Emv2.jpg/v1/fit/w_2500,h_1330,al_c/3d5cce_c466bd8efdba4be68aea75f247448aeb%7Emv2.jpg"",""og:image:width"":""2500"",""og:image:height"":""1330"",""og:url"":""https://www.40daysofholiness.com/day37"",""og:site_name"":""40 Days of Holiness"",""og:type"":""website""}","{""twitter:card"":""summary_large_image"",""twitter:title"":""Day 37 - Holiness in Life - Holiness & Emotions | 40 Days of Holiness"",""twitter:description"":""Darrell Stetler II teaches on the topic of God"",""twitter:image"":""https://static.wixstatic.com/media/3d5cce_c466bd8efdba4be68aea75f247448aeb%7Emv2.jpg/v1/fit/w_2500,h_1330,al_c/3d5cce_c466bd8efdba4be68aea75f247448aeb%7Emv2.jpg""}","","2026-08-25T06:46:51.305Z","NOT_TESTED",""
"https://www.40daysofholiness.com/day38","200","Day 38 - Holiness in Life - Holiness & Emotions II | 40 Days of Holiness","Darrell Stetler II teaches on the topic of God","https://www.40daysofholiness.com/day38","Day 38 - Holiness and Emotions II&nbsp; &nbsp; &nbsp;","","{""og:title"":""Day 38 - Holiness in Life - Holiness & Emotions II | 40 Days of Holiness"",""og:description"":""Darrell Stetler II teaches on the topic of God"",""og:image"":""https://static.wixstatic.com/media/3d5cce_c466bd8efdba4be68aea75f247448aeb%7Emv2.jpg/v1/fit/w_2500,h_1330,al_c/3d5cce_c466bd8efdba4be68aea75f247448aeb%7Emv2.jpg"",""og:image:width"":""2500"",""og:image:height"":""1330"",""og:url"":""https://www.40daysofholiness.com/day38"",""og:site_name"":""40 Days of Holiness"",""og:type"":""website""}","{""twitter:card"":""summary_large_image"",""twitter:title"":""Day 38 - Holiness in Life - Holiness & Emotions II | 40 Days of Holiness"",""twitter:description"":""Darrell Stetler II teaches on the topic of God"",""twitter:image"":""https://static.wixstatic.com/media/3d5cce_c466bd8efdba4be68aea75f247448aeb%7Emv2.jpg/v1/fit/w_2500,h_1330,al_c/3d5cce_c466bd8efdba4be68aea75f247448aeb%7Emv2.jpg""}","","2026-08-25T06:46:51.802Z","NOT_TESTED",""
"https://www.40daysofholiness.com/day39","200","Day 39 - Holiness in Life - Take Up Your Cross Daily | 40 Days of Holiness","Darrell Stetler II teaches on the topic of God","https://www.40daysofholiness.com/day39","Day 39 - Take up Your Cross Daily","","{""og:title"":""Day 39 - Holiness in Life - Take Up Your Cross Daily | 40 Days of Holiness"",""og:description"":""Darrell Stetler II teaches on the topic of God"",""og:image"":""https://static.wixstatic.com/media/3d5cce_c466bd8efdba4be68aea75f247448aeb%7Emv2.jpg/v1/fit/w_2500,h_1330,al_c/3d5cce_c466bd8efdba4be68aea75f247448aeb%7Emv2.jpg"",""og:image:width"":""2500"",""og:image:height"":""1330"",""og:url"":""https://www.40daysofholiness.com/day39"",""og:site_name"":""40 Days of Holiness"",""og:type"":""website""}","{""twitter:card"":""summary_large_image"",""twitter:title"":""Day 39 - Holiness in Life - Take Up Your Cross Daily | 40 Days of Holiness"",""twitter:description"":""Darrell Stetler II teaches on the topic of God"",""twitter:image"":""https://static.wixstatic.com/media/3d5cce_c466bd8efdba4be68aea75f247448aeb%7Emv2.jpg/v1/fit/w_2500,h_1330,al_c/3d5cce_c466bd8efdba4be68aea75f247448aeb%7Emv2.jpg""}","","2026-08-25T06:46:51.900Z","NOT_TESTED",""
"https://www.40daysofholiness.com/day40","200","Day 40 - The Claws of the Lion - Holiness and CS Lewis | 40 Days of Holiness","Darrell Stetler II teaches on the topic of God","https://www.40daysofholiness.com/day40","Day 40 - The Claws of the Lion","","{""og:title"":""Day 40 - The Claws of the Lion - Holiness and CS Lewis | 40 Days of Holiness"",""og:description"":""Darrell Stetler II teaches on the topic of God"",""og:image"":""https://static.wixstatic.com/media/3d5cce_c466bd8efdba4be68aea75f247448aeb%7Emv2.jpg/v1/fit/w_2500,h_1330,al_c/3d5cce_c466bd8efdba4be68aea75f247448aeb%7Emv2.jpg"",""og:image:width"":""2500"",""og:image:height"":""1330"",""og:url"":""https://www.40daysofholiness.com/day40"",""og:site_name"":""40 Days of Holiness"",""og:type"":""website""}","{""twitter:card"":""summary_large_image"",""twitter:title"":""Day 40 - The Claws of the Lion - Holiness and CS Lewis | 40 Days of Holiness"",""twitter:description"":""Darrell Stetler II teaches on the topic of God"",""twitter:image"":""https://static.wixstatic.com/media/3d5cce_c466bd8efdba4be68aea75f247448aeb%7Emv2.jpg/v1/fit/w_2500,h_1330,al_c/3d5cce_c466bd8efdba4be68aea75f247448aeb%7Emv2.jpg""}","","2026-08-25T06:46:52.925Z","NOT_TESTED",""
"https://www.40daysofholiness.com/fullscreen-page","200","Fullscreen Page | 40 Days of Holiness","","https://www.40daysofholiness.com/fullscreen-page","","","{""og:title"":""Fullscreen Page | 40 Days of Holiness"",""og:image"":""https://static.wixstatic.com/media/3d5cce_c466bd8efdba4be68aea75f247448aeb%7Emv2.jpg/v1/fit/w_2500,h_1330,al_c/3d5cce_c466bd8efdba4be68aea75f247448aeb%7Emv2.jpg"",""og:image:width"":""2500"",""og:image:height"":""1330"",""og:url"":""https://www.40daysofholiness.com/fullscreen-page"",""og:site_name"":""40 Days of Holiness"",""og:type"":""website""}","{""twitter:card"":""summary_large_image"",""twitter:title"":""Fullscreen Page | 40 Days of Holiness"",""twitter:image"":""https://static.wixstatic.com/media/3d5cce_c466bd8efdba4be68aea75f247448aeb%7Emv2.jpg/v1/fit/w_2500,h_1330,al_c/3d5cce_c466bd8efdba4be68aea75f247448aeb%7Emv2.jpg""}","","2026-08-25T06:46:53.502Z","NOT_TESTED",""
"https://www.40daysofholiness.com/home","200","Holiness Bible Study | 40 Days of Holiness","Pursuing Holiness is about the holiness of God, what holiness means, and how we can grow in holiness. This 40-day discipleship journey for growing Christians helps you see the beauty of God","https://www.40daysofholiness.com/","Welcome to 40 Days of Holiness!","","{""og:title"":""Holiness Bible Study | 40 Days of Holiness"",""og:description"":""Pursuing Holiness is about the holiness of God, what holiness means, and how we can grow in holiness. This 40-day discipleship journey for growing Christians helps you see the beauty of God"",""og:image"":""https://static.wixstatic.com/media/3d5cce_c466bd8efdba4be68aea75f247448aeb%7Emv2.jpg/v1/fit/w_2500,h_1330,al_c/3d5cce_c466bd8efdba4be68aea75f247448aeb%7Emv2.jpg"",""og:image:width"":""2500"",""og:image:height"":""1330"",""og:url"":""https://www.40daysofholiness.com"",""og:site_name"":""40 Days of Holiness"",""og:type"":""website""}","{""twitter:card"":""summary_large_image"",""twitter:title"":""Holiness Bible Study | 40 Days of Holiness"",""twitter:description"":""Pursuing Holiness is about the holiness of God, what holiness means, and how we can grow in holiness. This 40-day discipleship journey for growing Christians helps you see the beauty of God"",""twitter:image"":""https://static.wixstatic.com/media/3d5cce_c466bd8efdba4be68aea75f247448aeb%7Emv2.jpg/v1/fit/w_2500,h_1330,al_c/3d5cce_c466bd8efdba4be68aea75f247448aeb%7Emv2.jpg""}","{""@context"":""https://schema.org/"",""@type"":""WebSite"",""url"":""https://www.40daysofholiness.com/"",""potentialAction"":{""@type"":""SearchAction"",""target"":{""@type"":""EntryPoint"",""urlTemplate"":""https://www.40daysofholiness.com/search?q={search_term}""},""query-input"":""required name=search_term""}} | {""@context"":""https://schema.org/"",""@type"":""WebSite"",""name"":""40 Days of Holiness"",""url"":""https://www.40daysofholiness.com""}","2026-08-25T06:46:54.723Z","NOT_TESTED",""
"https://www.40daysofholiness.com/pentecost-sunday-loop-free-download","200","Pentecost Sunday Loop - Free Download | 40 Days of Holiness","Download a free worship video loop for Pentecost Sunday, to celebrate the birthday of the Church and the giving of the Holy Spirit. Get this free video for Pentecost Sunday to theme your worship environment for the celebration of the coming of the Holy Spirit.","https://www.40daysofholiness.com/pentecost-sunday-loop-free-download","Download Free Pentecost Sunday Worship Loop & Still Images for Pentecost","","{""og:title"":""Pentecost Sunday Loop - Free Download | 40 Days of Holiness"",""og:description"":""Download a free worship video loop for Pentecost Sunday, to celebrate the birthday of the Church and the giving of the Holy Spirit. Get this free video for Pentecost Sunday to theme your worship environment for the celebration of the coming of the Holy Spirit."",""og:image"":""https://static.wixstatic.com/media/3d5cce_c466bd8efdba4be68aea75f247448aeb%7Emv2.jpg/v1/fit/w_2500,h_1330,al_c/3d5cce_c466bd8efdba4be68aea75f247448aeb%7Emv2.jpg"",""og:image:width"":""2500"",""og:image:height"":""1330"",""og:url"":""https://www.40daysofholiness.com/pentecost-sunday-loop-free-download"",""og:site_name"":""40 Days of Holiness"",""og:type"":""website""}","{""twitter:card"":""summary_large_image"",""twitter:title"":""Pentecost Sunday Loop - Free Download | 40 Days of Holiness"",""twitter:description"":""Download a free worship video loop for Pentecost Sunday, to celebrate the birthday of the Church and the giving of the Holy Spirit. Get this free video for Pentecost Sunday to theme your worship environment for the celebration of the coming of the Holy Spirit."",""twitter:image"":""https://static.wixstatic.com/media/3d5cce_c466bd8efdba4be68aea75f247448aeb%7Emv2.jpg/v1/fit/w_2500,h_1330,al_c/3d5cce_c466bd8efdba4be68aea75f247448aeb%7Emv2.jpg""}","","2026-08-25T06:46:55.142Z","NOT_TESTED",""
"https://www.40daysofholiness.com/pentecost-video-email-thanks","200","Pentecost Video Email Thanks | 40 Days of Holiness","","https://www.40daysofholiness.com/pentecost-video-email-thanks","","","{""og:title"":""Pentecost Video Email Thanks | 40 Days of Holiness"",""og:image"":""https://static.wixstatic.com/media/3d5cce_c466bd8efdba4be68aea75f247448aeb%7Emv2.jpg/v1/fit/w_2500,h_1330,al_c/3d5cce_c466bd8efdba4be68aea75f247448aeb%7Emv2.jpg"",""og:image:width"":""2500"",""og:image:height"":""1330"",""og:url"":""https://www.40daysofholiness.com/pentecost-video-email-thanks"",""og:site_name"":""40 Days of Holiness"",""og:type"":""website""}","{""twitter:card"":""summary_large_image"",""twitter:title"":""Pentecost Video Email Thanks | 40 Days of Holiness"",""twitter:image"":""https://static.wixstatic.com/media/3d5cce_c466bd8efdba4be68aea75f247448aeb%7Emv2.jpg/v1/fit/w_2500,h_1330,al_c/3d5cce_c466bd8efdba4be68aea75f247448aeb%7Emv2.jpg""}","","2026-08-25T06:46:55.586Z","NOT_TESTED",""
"https://www.40daysofholiness.com/post/john-wesley-s-covenant-prayer","200","John Wesley’s Covenant Prayer","John Wesley","https://www.40daysofholiness.com/post/john-wesley-s-covenant-prayer","John Wesley’s Covenant Prayer","","{""og:title"":""John Wesley’s Covenant Prayer"",""og:description"":""Romans 12:1: \""I beseech you therefore, brethren, by the mercies of God, that ye present your bodies a living sacrifice, holy, acceptable unto God, which is your reasonable service.\""John Wesley was raised in a preacher’s home by a godly mother, Susanna Wesley. At age 6, he was rescued from a house fire by someone pulling him out of a window at the last minute. After this, he felt that God had a special calling on his life, and called himself “a brand [branch] plucked from the burning.” He became"",""og:image"":""https://i.ytimg.com/vi/DvjpvnNqH_Y/maxresdefault.jpg"",""og:image:width"":""1280"",""og:image:height"":""720"",""og:url"":""https://www.40daysofholiness.com/post/john-wesley-s-covenant-prayer"",""og:site_name"":""40 Days of Holiness"",""og:type"":""article""}","{""twitter:card"":""summary_large_image"",""twitter:title"":""John Wesley’s Covenant Prayer"",""twitter:description"":""Romans 12:1: \""I beseech you therefore, brethren, by the mercies of God, that ye present your bodies a living sacrifice, holy, acceptable unto God, which is your reasonable service.\""John Wesley was raised in a preacher’s home by a godly mother, Susanna Wesley. At age 6, he was rescued from a house fire by someone pulling him out of a window at the last minute. After this, he felt that God had a special calling on his life, and called himself “a brand [branch] plucked from the burning.” He became"",""twitter:image"":""https://i.ytimg.com/vi/DvjpvnNqH_Y/maxresdefault.jpg""}","{""@context"":""https://schema.org"",""@type"":""BlogPosting"",""author"":{""@type"":""Person"",""name"":""Darrell Stetler II""},""dateModified"":""2025-01-17T05:38:01.683Z"",""datePublished"":""2025-01-17T05:38:01.683Z"",""headline"":""John Wesley’s Covenant Prayer"",""mainEntityOfPage"":{""@id"":""https://www.40daysofholiness.com/post/john-wesley-s-covenant-prayer"",""@type"":""itemPage"",""url"":""https://www.40daysofholiness.com/post/john-wesley-s-covenant-prayer""},""description"":""John Wesley's Story and Covenant Prayer are inspiring. "",""url"":""https://www.40daysofholiness.com/post/john-wesley-s-covenant-prayer"",""image"":{""@type"":""ImageObject"",""url"":""https://i.ytimg.com/vi/DvjpvnNqH_Y/maxresdefault.jpg"",""width"":""1280"",""height"":""720""},""publisher"":{""@type"":""Organization"",""name"":""40 Days of Holiness"",""url"":""https://www.40daysofholiness.com""}}","2026-08-25T06:46:56.904Z","NOT_TESTED",""
"https://www.40daysofholiness.com/post/what-is-the-holiness-of-god","200","What is the Holiness of God?","","https://www.40daysofholiness.com/post/what-is-the-holiness-of-god","What is the Holiness of God?","","{""og:title"":""What is the Holiness of God?"",""og:description"":""What does it mean that God is holy? What is God"",""og:image"":""https://static.wixstatic.com/media/3d5cce_752c9d77baf6423fb16d7777036842ec~mv2.png/v1/fill/w_1000,h_563,al_c,q_90,usm_0.66_1.00_0.01/3d5cce_752c9d77baf6423fb16d7777036842ec~mv2.png"",""og:image:width"":""1280"",""og:image:height"":""720"",""og:url"":""https://www.40daysofholiness.com/post/what-is-the-holiness-of-god"",""og:site_name"":""40 Days of Holiness"",""og:type"":""article""}","{""twitter:card"":""summary_large_image"",""twitter:title"":""What is the Holiness of God?"",""twitter:description"":""What does it mean that God is holy? What is God"",""twitter:image"":""https://static.wixstatic.com/media/3d5cce_752c9d77baf6423fb16d7777036842ec~mv2.png/v1/fill/w_1000,h_563,al_c,q_90,usm_0.66_1.00_0.01/3d5cce_752c9d77baf6423fb16d7777036842ec~mv2.png""}","{""@context"":""https://schema.org"",""@type"":""BlogPosting"",""author"":{""@type"":""Person"",""name"":""Darrell Stetler II""},""dateModified"":""2024-06-18T01:36:11.110Z"",""datePublished"":""2024-01-15T23:10:11.458Z"",""headline"":""What is the Holiness of God?"",""mainEntityOfPage"":{""@id"":""https://www.40daysofholiness.com/post/what-is-the-holiness-of-god"",""@type"":""itemPage"",""url"":""https://www.40daysofholiness.com/post/what-is-the-holiness-of-god""},""description"":""What does it mean that God is holy? What is God's holiness? Biblically, this means that..."",""url"":""https://www.40daysofholiness.com/post/what-is-the-holiness-of-god"",""image"":{""@type"":""ImageObject"",""url"":""https://static.wixstatic.com/media/3d5cce_752c9d77baf6423fb16d7777036842ec~mv2.png/v1/fill/w_1000,h_563,al_c,q_90,usm_0.66_1.00_0.01/3d5cce_752c9d77baf6423fb16d7777036842ec~mv2.png"",""width"":""1280"",""height"":""720""},""publisher"":{""@type"":""Organization"",""name"":""40 Days of Holiness"",""url"":""https://www.40daysofholiness.com""}}","2026-08-25T06:46:58.404Z","NOT_TESTED",""
"https://www.40daysofholiness.com/search","200","Search Results | 40 Days of Holiness","","https://www.40daysofholiness.com/search","Search Results | Search this site","noindex","{""og:title"":""Search Results | 40 Days of Holiness"",""og:image"":""https://static.wixstatic.com/media/3d5cce_c466bd8efdba4be68aea75f247448aeb%7Emv2.jpg/v1/fit/w_2500,h_1330,al_c/3d5cce_c466bd8efdba4be68aea75f247448aeb%7Emv2.jpg"",""og:image:width"":""2500"",""og:image:height"":""1330"",""og:url"":""https://www.40daysofholiness.com/search"",""og:site_name"":""40 Days of Holiness"",""og:type"":""website""}","{""twitter:card"":""summary_large_image"",""twitter:title"":""Search Results | 40 Days of Holiness"",""twitter:image"":""https://static.wixstatic.com/media/3d5cce_c466bd8efdba4be68aea75f247448aeb%7Emv2.jpg/v1/fit/w_2500,h_1330,al_c/3d5cce_c466bd8efdba4be68aea75f247448aeb%7Emv2.jpg""}","","2026-08-25T06:46:59.656Z","NOT_TESTED",""
"https://www.40daysofholiness.com/welcome","200","Welcome & Intro | 40 Days of Holiness","Holiness is a very important and highly neglected topic. It is a mega-theme of Scripture, soaking into every book of the Bible in some way.","https://www.40daysofholiness.com/welcome","Welcome to 40 Days of Holiness!","","{""og:title"":""Welcome & Intro | 40 Days of Holiness"",""og:description"":""Holiness is a very important and highly neglected topic. It is a mega-theme of Scripture, soaking into every book of the Bible in some way."",""og:image"":""https://static.wixstatic.com/media/3d5cce_c466bd8efdba4be68aea75f247448aeb%7Emv2.jpg/v1/fit/w_2500,h_1330,al_c/3d5cce_c466bd8efdba4be68aea75f247448aeb%7Emv2.jpg"",""og:image:width"":""2500"",""og:image:height"":""1330"",""og:url"":""https://www.40daysofholiness.com/welcome"",""og:site_name"":""40 Days of Holiness"",""og:type"":""website""}","{""twitter:card"":""summary_large_image"",""twitter:title"":""Welcome & Intro | 40 Days of Holiness"",""twitter:description"":""Holiness is a very important and highly neglected topic. It is a mega-theme of Scripture, soaking into every book of the Bible in some way."",""twitter:image"":""https://static.wixstatic.com/media/3d5cce_c466bd8efdba4be68aea75f247448aeb%7Emv2.jpg/v1/fit/w_2500,h_1330,al_c/3d5cce_c466bd8efdba4be68aea75f247448aeb%7Emv2.jpg""}","","2026-08-25T06:46:59.750Z","NOT_TESTED",""
"https://www.40daysofholiness.com/worship-video-for-pentecost-sunday-fire-free","200","Worship Video for Pentecost Sunday- | 40 Days of Holiness","Download a free worship video loop for Pentecost Sunday, to celebrate the birthday of the Church and the giving of the Holy Spirit. Free worship video for Pentecost Sunday to theme your church environment for the celebration of the coming of the Holy Spirit.","https://www.40daysofholiness.com/worship-video-for-pentecost-sunday-fire-free","Download Free Pentecost Sunday Worship Loop & Still Images for Pentecost","","{""og:title"":""Worship Video for Pentecost Sunday- | 40 Days of Holiness"",""og:description"":""Download a free worship video loop for Pentecost Sunday, to celebrate the birthday of the Church and the giving of the Holy Spirit. Free worship video for Pentecost Sunday to theme your church environment for the celebration of the coming of the Holy Spirit."",""og:image"":""https://static.wixstatic.com/media/3d5cce_c466bd8efdba4be68aea75f247448aeb%7Emv2.jpg/v1/fit/w_2500,h_1330,al_c/3d5cce_c466bd8efdba4be68aea75f247448aeb%7Emv2.jpg"",""og:image:width"":""2500"",""og:image:height"":""1330"",""og:url"":""https://www.40daysofholiness.com/worship-video-for-pentecost-sunday-fire-free"",""og:site_name"":""40 Days of Holiness"",""og:type"":""website""}","{""twitter:card"":""summary_large_image"",""twitter:title"":""Worship Video for Pentecost Sunday- | 40 Days of Holiness"",""twitter:description"":""Download a free worship video loop for Pentecost Sunday, to celebrate the birthday of the Church and the giving of the Holy Spirit. Free worship video for Pentecost Sunday to theme your church environment for the celebration of the coming of the Holy Spirit."",""twitter:image"":""https://static.wixstatic.com/media/3d5cce_c466bd8efdba4be68aea75f247448aeb%7Emv2.jpg/v1/fit/w_2500,h_1330,al_c/3d5cce_c466bd8efdba4be68aea75f247448aeb%7Emv2.jpg""}","","2026-08-25T06:47:00.650Z","NOT_TESTED",""
